offer_id,title,issuer,network,merchant,category,benefit_type,benefit_nature,discount_pct,cashback_pct,reward_multiplier,flat_discount,max_benefit,min_spend,card_ids_count,unmatched_slugs,valid_from,valid_until,lifecycle,verification,confidence,completeness,needs_review,source,tier,source_url
sbicard_offers__981edb05d2,5% Instant Discount,SBI Card,,City Bazaar Metro,FASHION,PERCENTAGE_DISCOUNT,DISCOUNT,5.0,,,,,,15,32,2026-09-01,2026-10-31,ACTIVE,VERIFIED,0.9778,0.8889,False,SBI Card,S,https://www.sbicard.com/en/personal/offers.page
sbicard_offers__b0e7b28769,"Up to INR 15,000 Instant Discount",SBI Card,,Hp,ELECTRONICS,FLAT_DISCOUNT,DISCOUNT,,,,,15000.0,,15,32,2026-09-01,2026-09-30,ACTIVE,VERIFIED,0.9889,0.9444,False,SBI Card,S,https://www.sbicard.com/en/personal/offers.page
sbicard_offers__1e99f8e467,Up to 5% Extra Cashback,SBI Card,,Apna Mart,DINING,CASHBACK,CASHBACK,,5.0,,,,,15,32,2026-08-31,2026-09-08,ACTIVE,VERIFIED,0.9778,0.8889,False,SBI Card,S,https://www.sbicard.com/en/personal/offers.page
sbicard_offers__be68f51abb,Up to Rs 10000 Instant Discount Offer – Big C Mobiles,SBI Card,,Big C,ELECTRONICS,FLAT_DISCOUNT,DISCOUNT,,,,,10000.0,,15,32,2026-08-20,2026-09-30,ACTIVE,VERIFIED,0.9889,0.9444,False,SBI Card,S,https://www.sbicard.com/en/personal/offers.page
sbicard_offers__fe7ceccccd,Up to Rs 10000 Instant Discount Offer – LOT Mobiles,SBI Card,,Lot,ELECTRONICS,FLAT_DISCOUNT,DISCOUNT,,,,,10000.0,,15,32,2026-08-20,2026-09-30,ACTIVE,VERIFIED,0.9889,0.9444,False,SBI Card,S,https://www.sbicard.com/en/personal/offers.page
sbicard_offers__4d5cc13f08,10% Instant Discount at Amazon,SBI Card,,Amazon,ECOMMERCE,PERCENTAGE_DISCOUNT,DISCOUNT,10.0,,,,,,15,32,2026-08-18,2026-09-18,ACTIVE,VERIFIED,0.9778,0.8889,False,SBI Card,S,https://www.sbicard.com/en/personal/offers.page
sbicard_offers__cbb4cf76b7,Up to 10% Instant Discount,SBI Card,,Nu Mobile,ELECTRONICS,PERCENTAGE_DISCOUNT,DISCOUNT,10.0,,,,,,15,32,2026-08-16,2026-09-01,ACTIVE,VERIFIED,0.9778,0.8889,False,SBI Card,S,https://www.sbicard.com/en/personal/offers.page
sbicard_offers__0853f0a496,Up to ₹6500 Instant Discount,SBI Card,,Neelkanth,ELECTRONICS,FLAT_DISCOUNT,DISCOUNT,,,,,6500.0,,15,32,2026-08-14,2026-09-12,ACTIVE,VERIFIED,0.9889,0.9444,False,SBI Card,S,https://www.sbicard.com/en/personal/offers.page
sbicard_offers__c397498834,Up to ₹9000 Instant Discount,SBI Card,,Initiative Data Systems,ELECTRONICS,FLAT_DISCOUNT,DISCOUNT,,,,,9000.0,,15,32,2026-08-14,2026-09-02,ACTIVE,VERIFIED,0.9889,0.9444,False,SBI Card,S,https://www.sbicard.com/en/personal/offers.page
sbicard_offers__32e859548c,"Up to Rs 8,000 Instant Discount at RB Zone",SBI Card,,Rb Zone,ELECTRONICS,FLAT_DISCOUNT,DISCOUNT,,,,,8000.0,,15,32,2026-08-14,2026-09-27,ACTIVE,VERIFIED,0.9889,0.9444,False,SBI Card,S,https://www.sbicard.com/en/personal/offers.page
sbicard_offers__f35836bfda,Up to Rs 16000 Instant Discount at PAI International,SBI Card,,Pai International,RETAIL,FLAT_DISCOUNT,DISCOUNT,,,,,16000.0,,15,32,2026-08-13,2026-09-13,ACTIVE,VERIFIED,0.9889,0.9444,False,SBI Card,S,https://www.sbicard.com/en/personal/offers.page
sbicard_offers__9cc8497c3e,Up to Rs. 750 Extra Cashback.,SBI Card,,Ds Mills,FASHION,CASHBACK,CASHBACK,,,,,750.0,,15,32,2026-08-12,2026-09-20,ACTIVE,VERIFIED,0.9889,0.9444,False,SBI Card,S,https://www.sbicard.com/en/personal/offers.page
sbicard_offers__db7a70f896,Up to ₹7000 Instant Discount,SBI Card,,Sivmor gadgets,ELECTRONICS,FLAT_DISCOUNT,DISCOUNT,,,,,7000.0,,15,32,2026-08-11,2026-09-24,ACTIVE,VERIFIED,0.9889,0.9444,False,SBI Card,S,https://www.sbicard.com/en/personal/offers.page
sbicard_offers__2f834f0a12,"Up to Rs 6,500 Instant Discount.",SBI Card,,Taori,ELECTRONICS,FLAT_DISCOUNT,DISCOUNT,,,,,6500.0,,15,32,2026-08-09,2026-09-07,ACTIVE,VERIFIED,0.9889,0.9444,False,SBI Card,S,https://www.sbicard.com/en/personal/offers.page
sbicard_offers__b07cc03b4e,5% Extra Cashback,SBI Card,,Octave,FASHION,CASHBACK,CASHBACK,,5.0,,,,,15,32,2026-08-08,2026-09-06,ACTIVE,VERIFIED,0.9778,0.8889,False,SBI Card,S,https://www.sbicard.com/en/personal/offers.page
sbicard_offers__9b6c65a485,Up to Rs 25000 Instant Discount Offer,SBI Card,,wooden street,FASHION,FLAT_DISCOUNT,DISCOUNT,,,,,25000.0,,15,32,2026-08-08,2026-09-30,ACTIVE,VERIFIED,0.9889,0.9444,False,SBI Card,S,https://www.sbicard.com/en/personal/offers.page
sbicard_offers__0d08127f97,Flat 5% Instant Discount Offer,SBI Card,,Homelane,FASHION,PERCENTAGE_DISCOUNT,DISCOUNT,5.0,,,,,,15,32,2026-08-08,2026-09-30,ACTIVE,VERIFIED,0.9778,0.8889,False,SBI Card,S,https://www.sbicard.com/en/personal/offers.page
sbicard_offers__9ed3589e91,"Up to ₹ 6,000 Instant Discount.",SBI Card,,Usha Electronics,ELECTRONICS,FLAT_DISCOUNT,DISCOUNT,,,,,6000.0,,15,32,2026-08-08,2026-09-06,ACTIVE,VERIFIED,0.9889,0.9444,False,SBI Card,S,https://www.sbicard.com/en/personal/offers.page
sbicard_offers__53c4cc1c84,"Up to Rs 7,000 Instant Discount.",SBI Card,,TV Palace,ELECTRONICS,FLAT_DISCOUNT,DISCOUNT,,,,,7000.0,,15,32,2026-08-08,2026-09-06,ACTIVE,VERIFIED,0.9889,0.9444,False,SBI Card,S,https://www.sbicard.com/en/personal/offers.page
sbicard_offers__ee4c448c9d,"5% Cashback at MALL OF TRAVANCORE, THIRUVANANTHAPURAM",SBI Card,,Mall Travancore,RETAIL,CASHBACK,CASHBACK,,5.0,,,,,15,32,2026-08-08,2026-09-06,ACTIVE,VERIFIED,0.9778,0.8889,False,SBI Card,S,https://www.sbicard.com/en/personal/offers.page
sbicard_offers__9ad44fda20,"5% Cashback at HiLITE Mall, Kozhikode",SBI Card,,Kozhikode Hilite,RETAIL,CASHBACK,CASHBACK,,5.0,,,,,15,32,2026-08-08,2026-09-06,ACTIVE,VERIFIED,0.9778,0.8889,False,SBI Card,S,https://www.sbicard.com/en/personal/offers.page
sbicard_offers__d2c88897e9,"5% Cashback at HiLITE Mall, Thrissur",SBI Card,,Hilite Thrissur,RETAIL,CASHBACK,CASHBACK,,5.0,,,,,15,32,2026-08-08,2026-09-06,ACTIVE,VERIFIED,0.9778,0.8889,False,SBI Card,S,https://www.sbicard.com/en/personal/offers.page
sbicard_offers__5e488fb260,Up to Rs 15000 Instant Discount Offer,SBI Card,,Sathya Agencies,FASHION,FLAT_DISCOUNT,DISCOUNT,,,,,15000.0,,15,32,2026-08-07,2026-09-30,ACTIVE,VERIFIED,0.9889,0.9444,False,SBI Card,S,https://www.sbicard.com/en/personal/offers.page
sbicard_offers__95b85f6ef9,Up to ₹5500 Instant Discount,SBI Card,,Xtraa,FASHION,FLAT_DISCOUNT,DISCOUNT,,,,,5500.0,,15,32,2026-08-07,2026-09-05,ACTIVE,VERIFIED,0.9778,0.8889,False,SBI Card,S,https://www.sbicard.com/en/personal/offers.page
sbicard_offers__a4771b2886,"Up to Rs. 6,000 Instant Discount.",SBI Card,,Maharashtra,ELECTRONICS,FLAT_DISCOUNT,DISCOUNT,,,,,6000.0,,15,32,2026-08-06,2026-09-02,ACTIVE,VERIFIED,0.9889,0.9444,False,SBI Card,S,https://www.sbicard.com/en/personal/offers.page
sbicard_offers__aa936f2155,Up to ₹7500 Instant Discount,SBI Card,,KBM Electronic,ELECTRONICS,FLAT_DISCOUNT,DISCOUNT,,,,,7500.0,,15,32,2026-08-06,2026-09-04,ACTIVE,VERIFIED,0.9889,0.9444,False,SBI Card,S,https://www.sbicard.com/en/personal/offers.page
sbicard_offers__e7adda8703,Up to Rs 16000 Instant Discount Offer – myG Mobiles,SBI Card,,MyG,RETAIL,FLAT_DISCOUNT,DISCOUNT,,,,,16000.0,,15,32,2026-08-06,2026-09-15,ACTIVE,VERIFIED,0.9889,0.9444,False,SBI Card,S,https://www.sbicard.com/en/personal/offers.page
sbicard_offers__0a6691f0e8,"Up to Rs 7,500 Instant Discount at Kensha Mobiles (Mehta Telecom).",SBI Card,,Knesha,ELECTRONICS,FLAT_DISCOUNT,DISCOUNT,,,,,7500.0,,15,32,2026-08-05,2026-09-01,ACTIVE,VERIFIED,0.9889,0.9444,False,SBI Card,S,https://www.sbicard.com/en/personal/offers.page
sbicard_offers__5d3f79a1b0,Up to ₹ 10000 Instant Discount,SBI Card,,Value Plus,ELECTRONICS,FLAT_DISCOUNT,DISCOUNT,,,,,10000.0,,15,32,2026-08-05,2026-09-09,ACTIVE,VERIFIED,0.9889,0.9444,False,SBI Card,S,https://www.sbicard.com/en/personal/offers.page
sbicard_offers__833e0b39d0,"Up to Rs 6,500 Instant Discount at Mundada Corporation.",SBI Card,,Mundada,ELECTRONICS,FLAT_DISCOUNT,DISCOUNT,,,,,6500.0,,15,32,2026-08-04,2026-09-09,ACTIVE,VERIFIED,0.9889,0.9444,False,SBI Card,S,https://www.sbicard.com/en/personal/offers.page
sbicard_offers__2abcc72e6d,Up to Rs.500 Cashback,SBI Card,,Jalaans,FASHION,CASHBACK,CASHBACK,,,,,500.0,,15,32,2026-08-01,2026-09-06,ACTIVE,VERIFIED,0.9889,0.9444,False,SBI Card,S,https://www.sbicard.com/en/personal/offers.page
sbicard_offers__5764e09166,Up to Rs. 300 Extra Cashback at Bansal Supermarket stores.,SBI Card,,Bansal,GROCERY,CASHBACK,CASHBACK,,,,,300.0,,15,32,2026-08-01,2026-09-06,ACTIVE,VERIFIED,0.9889,0.9444,False,SBI Card,S,https://www.sbicard.com/en/personal/offers.page
sbicard_offers__57ad768d36,"Up to Rs 6,000 Instant Discount",SBI Card,,Virat,ELECTRONICS,FLAT_DISCOUNT,DISCOUNT,,,,,6000.0,,15,32,2026-08-01,2026-09-06,ACTIVE,VERIFIED,0.9889,0.9444,False,SBI Card,S,https://www.sbicard.com/en/personal/offers.page
sbicard_offers__6e7ededf4b,Up to Rs. 200 Extra Cashback,SBI Card,,Shubhamk,GROCERY,CASHBACK,CASHBACK,,,,,200.0,,15,32,2026-08-01,2026-09-06,ACTIVE,VERIFIED,0.9889,0.9444,False,SBI Card,S,https://www.sbicard.com/en/personal/offers.page
sbicard_offers__d949da0fd4,Up to Rs 1000 Extra Cashback,SBI Card,,Boyanika,FASHION,CASHBACK,CASHBACK,,,,,1000.0,,15,32,2026-08-01,2026-09-20,ACTIVE,VERIFIED,0.9889,0.9444,False,SBI Card,S,https://www.sbicard.com/en/personal/offers.page
sbicard_offers__4320624889,Up to Rs 10000 Instant Discount at Pittappilill Agencies,SBI Card,,Pittappillil,ELECTRONICS,FLAT_DISCOUNT,DISCOUNT,,,,,10000.0,,15,32,2026-08-01,2026-09-13,ACTIVE,VERIFIED,0.9889,0.9444,False,SBI Card,S,https://www.sbicard.com/en/personal/offers.page
sbicard_offers__1520e371a9,Flat ₹ 200 Instant Discount,SBI Card,,Abhibus,TRAVEL,FLAT_DISCOUNT,DISCOUNT,,,,200.0,,,15,32,2026-07-30,2026-09-25,ACTIVE,VERIFIED,0.9778,0.8889,False,SBI Card,S,https://www.sbicard.com/en/personal/offers.page
sbicard_offers__f14896abe9,10% Instant Discount,SBI Card,,Big Basket,GROCERY,PERCENTAGE_DISCOUNT,DISCOUNT,10.0,,,,,,15,32,2026-07-26,2026-09-30,ACTIVE,VERIFIED,0.9778,0.8889,False,SBI Card,S,https://www.sbicard.com/en/personal/offers.page
sbicard_offers__f84503fd74,Flat Rs.100 Instant Discount,SBI Card,,Intrcity,FASHION,FLAT_DISCOUNT,DISCOUNT,,,,100.0,,,15,32,2026-07-24,2026-09-06,ACTIVE,VERIFIED,0.9778,0.8889,False,SBI Card,S,https://www.sbicard.com/en/personal/offers.page
sbicard_offers__7e90fe16d9,"Up to Rs 8,000 Instant Discount.",SBI Card,,KORE mobiles,ELECTRONICS,FLAT_DISCOUNT,DISCOUNT,,,,,8000.0,,15,32,2026-07-20,2026-09-01,ACTIVE,VERIFIED,0.9778,0.8889,False,SBI Card,S,https://www.sbicard.com/en/personal/offers.page
sbicard_offers__cbe17db2c3,5% Instant discount,SBI Card,,Mahindra,ELECTRONICS,PERCENTAGE_DISCOUNT,DISCOUNT,5.0,,,,,,15,32,2026-07-15,2026-09-30,ACTIVE,VERIFIED,0.9667,0.8333,False,SBI Card,S,https://www.sbicard.com/en/personal/offers.page
sbicard_offers__0a561268f1,"Up to 6,000 Instant Discount",SBI Card,,Nothing,ELECTRONICS,FLAT_DISCOUNT,DISCOUNT,,,,,,,15,32,2026-07-10,2026-09-30,ACTIVE,VERIFIED,0.9667,0.8333,False,SBI Card,S,https://www.sbicard.com/en/personal/offers.page
sbicard_offers__bb8d03803c,"Up to Rs. 10,000 Instant discount",SBI Card,,Eureka,ELECTRONICS,PERCENTAGE_DISCOUNT,DISCOUNT,20.0,,,,10000.0,,15,32,2026-07-06,2026-09-30,ACTIVE,VERIFIED,0.9889,0.9444,False,SBI Card,S,https://www.sbicard.com/en/personal/offers.page
sbicard_offers__db698ef8f8,Up to Rs 500 Extra Cashback,SBI Card,,Hypermart,GROCERY,CASHBACK,CASHBACK,,,,,500.0,,15,32,2026-07-04,2026-09-30,ACTIVE,VERIFIED,0.9889,0.9444,False,SBI Card,S,https://www.sbicard.com/en/personal/offers.page
sbicard_offers__4820663a9c,7.5% Instant Discount,SBI Card,,Duroflex,FASHION,PERCENTAGE_DISCOUNT,DISCOUNT,7.5,,,,,,15,32,2026-07-03,2026-09-30,ACTIVE,VERIFIED,0.9778,0.8889,False,SBI Card,S,https://www.sbicard.com/en/personal/offers.page
sbicard_offers__676c2d3172,10% Instant discount,SBI Card,,Dyson,ELECTRONICS,PERCENTAGE_DISCOUNT,DISCOUNT,10.0,,,,,,15,32,2026-07-02,2026-09-30,ACTIVE,VERIFIED,0.9667,0.8333,False,SBI Card,S,https://www.sbicard.com/en/personal/offers.page
sbicard_offers__9ba810f548,Up to 15% Instant Discount,SBI Card,,Bosch,ELECTRONICS,PERCENTAGE_DISCOUNT,DISCOUNT,15.0,,,,,,15,32,2026-07-01,2026-09-30,ACTIVE,VERIFIED,0.9778,0.8889,False,SBI Card,S,https://www.sbicard.com/en/personal/offers.page
sbicard_offers__2fede24460,Up to 27.5% Instant Discount,SBI Card,,Samsung CD,ELECTRONICS,PERCENTAGE_DISCOUNT,DISCOUNT,27.5,,,,,,15,32,2026-07-01,2026-09-30,ACTIVE,VERIFIED,0.9778,0.8889,False,SBI Card,S,https://www.sbicard.com/en/personal/offers.page
sbicard_offers__4448a75d39,Up to 20% Instant Discount,SBI Card,,IFB Electronics,ELECTRONICS,PERCENTAGE_DISCOUNT,DISCOUNT,20.0,,,,,,15,32,2026-07-01,2026-09-30,ACTIVE,VERIFIED,0.9667,0.8333,False,SBI Card,S,https://www.sbicard.com/en/personal/offers.page
sbicard_offers__3103b8f86a,"Up to Rs. 10,000 Instant discount",SBI Card,,Xiaomi,ELECTRONICS,FLAT_DISCOUNT,DISCOUNT,,,,,10000.0,,15,32,2026-07-01,2026-09-30,ACTIVE,VERIFIED,0.9889,0.9444,False,SBI Card,S,https://www.sbicard.com/en/personal/offers.page
sbicard_offers__fdc168cb3e,Up to 25% Instant Discount,SBI Card,,Lloyd,ELECTRONICS,PERCENTAGE_DISCOUNT,DISCOUNT,25.0,,,,,,15,32,2026-07-01,2026-09-30,ACTIVE,VERIFIED,0.9778,0.8889,False,SBI Card,S,https://www.sbicard.com/en/personal/offers.page
sbicard_offers__b2686bbf9b,Up to 27.50% Instant Discount,SBI Card,,Haier,ELECTRONICS,PERCENTAGE_DISCOUNT,DISCOUNT,27.5,,,,,,15,32,2026-07-01,2026-09-30,ACTIVE,VERIFIED,0.9778,0.8889,False,SBI Card,S,https://www.sbicard.com/en/personal/offers.page
sbicard_offers__00061a8c3a,Up to 15% Instant discount,SBI Card,,Godrej,ELECTRONICS,PERCENTAGE_DISCOUNT,DISCOUNT,15.0,,,,,,15,32,2026-07-01,2026-09-30,ACTIVE,VERIFIED,0.9778,0.8889,False,SBI Card,S,https://www.sbicard.com/en/personal/offers.page
sbicard_offers__a163158945,Up to 12.50% Instant Discount,SBI Card,,Panasonic,ELECTRONICS,PERCENTAGE_DISCOUNT,DISCOUNT,12.5,,,,,,15,32,2026-07-01,2026-09-30,ACTIVE,VERIFIED,0.9778,0.8889,False,SBI Card,S,https://www.sbicard.com/en/personal/offers.page
sbicard_offers__c948fa58d5,10% Instant Discount / Flat discount,SBI Card,,Vivo,ELECTRONICS,PERCENTAGE_DISCOUNT,DISCOUNT,10.0,,,,,,15,32,2026-07-01,2026-09-30,ACTIVE,VERIFIED,0.9778,0.8889,False,SBI Card,S,https://www.sbicard.com/en/personal/offers.page
sbicard_offers__ef696dddb6,Up to 26% Instant discount,SBI Card,,Lg,ELECTRONICS,PERCENTAGE_DISCOUNT,DISCOUNT,26.0,,,,,,15,32,2026-07-01,2026-09-30,ACTIVE,VERIFIED,0.9778,0.8889,False,SBI Card,S,https://www.sbicard.com/en/personal/offers.page
sbicard_offers__135e295ece,Up to 20% Instant discount,SBI Card,,Whirlpool,ELECTRONICS,PERCENTAGE_DISCOUNT,DISCOUNT,20.0,,,,,,15,32,2026-07-01,2026-09-30,ACTIVE,VERIFIED,0.9778,0.8889,False,SBI Card,S,https://www.sbicard.com/en/personal/offers.page
sbicard_offers__dabc636dc7,Up to 72% Off,SBI Card,,medibuddy new,HEALTH,PERCENTAGE_DISCOUNT,DISCOUNT,72.0,,,,,,15,32,2026-07-01,2027-03-31,ACTIVE,VERIFIED,0.9667,0.8333,False,SBI Card,S,https://www.sbicard.com/en/personal/offers.page
sbicard_offers__2224c8dd3a,Up to 7.5% Instant discount,SBI Card,,Hero,ELECTRONICS,PERCENTAGE_DISCOUNT,DISCOUNT,7.5,,,,,,15,32,2026-07-01,2026-09-30,ACTIVE,VERIFIED,0.9778,0.8889,False,SBI Card,S,https://www.sbicard.com/en/personal/offers.page
sbicard_offers__66a6b1dd23,7.5% Instant discount,SBI Card,,RBL,FASHION,PERCENTAGE_DISCOUNT,DISCOUNT,7.5,,,,,,15,32,2026-07-01,2026-09-30,ACTIVE,VERIFIED,0.9667,0.8333,False,SBI Card,S,https://www.sbicard.com/en/personal/offers.page
sbicard_offers__d0f07a4774,15% Instant discount,SBI Card,,Electrolux,ELECTRONICS,PERCENTAGE_DISCOUNT,DISCOUNT,15.0,,,,,,15,32,2026-07-01,2026-09-30,ACTIVE,VERIFIED,0.9778,0.8889,False,SBI Card,S,https://www.sbicard.com/en/personal/offers.page
sbicard_offers__5bcf4d788f,"Up to Rs 15,000 Instant discount at Apple",SBI Card,,Apple,ELECTRONICS,FLAT_DISCOUNT,DISCOUNT,,,,,15000.0,,15,32,2026-06-28,2026-09-26,ACTIVE,VERIFIED,0.9889,0.9444,False,SBI Card,S,https://www.sbicard.com/en/personal/offers.page
sbicard_offers__2fced8f0bb,20% Instant Discount,SBI Card,,Interflora,FASHION,PERCENTAGE_DISCOUNT,DISCOUNT,20.0,,,,,,15,32,2026-06-01,2027-03-31,ACTIVE,VERIFIED,0.9778,0.8889,False,SBI Card,S,https://www.sbicard.com/en/personal/offers.page
sbicard_offers__957b1c52e8,Up to 75% Off,SBI Card,,Clear Tax,ELECTRONICS,PERCENTAGE_DISCOUNT,DISCOUNT,75.0,,,,,,15,32,2026-05-18,2027-03-31,ACTIVE,VERIFIED,0.9778,0.8889,False,SBI Card,S,https://www.sbicard.com/en/personal/offers.page
sbicard_offers__fc03b155e3,Up to 50% off for Akshay Tritiya Festival,SBI Card,,Akshay Tritiya,FASHION,PERCENTAGE_DISCOUNT,DISCOUNT,50.0,,,,,,15,32,2026-04-19,2027-04-18,ACTIVE,VERIFIED,0.9778,0.8889,False,SBI Card,S,https://www.sbicard.com/en/personal/offers.page
sbicard_offers__aa605d2999,10% Instant Discount on Food at Hotel Orchid.,SBI Card,,Orchid Hotel,TRAVEL,PERCENTAGE_DISCOUNT,DISCOUNT,10.0,,,,,,15,32,2025-12-04,2026-09-30,ACTIVE,VERIFIED,0.9778,0.8889,False,SBI Card,S,https://www.sbicard.com/en/personal/offers.page
sbicard_offers__56b95023bd,Pay your Insurance premiums in EMIs,SBI Card,,Bajaj,FASHION,EMI_OFFER,DISCOUNT,,,,,,,8,23,2024-02-28,2029-03-31,ACTIVE,VERIFIED,0.9778,0.8889,False,SBI Card,S,https://www.sbicard.com/en/personal/offers.page
sbicard_offers__db8eff7a3c,Avail EMI at the time of purchase,SBI Card,,Nokia,ELECTRONICS,EMI_OFFER,DISCOUNT,,,,,,,6,14,2023-11-23,2027-11-11,ACTIVE,VERIFIED,0.9778,0.8889,False,SBI Card,S,https://www.sbicard.com/en/personal/offers.page
sbicard_offers__f62f39d421,Convert To EMI at Mitsubishi,SBI Card,,Mitsubishi,ECOMMERCE,EMI_OFFER,DISCOUNT,,,,,,,7,20,2023-11-15,2028-03-31,ACTIVE,VERIFIED,0.9778,0.8889,False,SBI Card,S,https://www.sbicard.com/en/personal/offers.page
sbicard_offers__3a3e0611c9,Convert To EMI at Faber,SBI Card,,Faber,ECOMMERCE,EMI_OFFER,DISCOUNT,,,,,,,7,20,2023-11-15,2028-03-31,ACTIVE,VERIFIED,0.9778,0.8889,False,SBI Card,S,https://www.sbicard.com/en/personal/offers.page
sbicard_offers__6549455c50,Convert To EMI at Lloyd,SBI Card,,Lloyd,ELECTRONICS,EMI_OFFER,DISCOUNT,,,,,,,7,20,2023-11-10,2028-03-31,ACTIVE,VERIFIED,0.9778,0.8889,False,SBI Card,S,https://www.sbicard.com/en/personal/offers.page
sbicard_offers__ad7ec57be1,Convert To EMI at Dyson,SBI Card,,Dyson,ELECTRONICS,EMI_OFFER,DISCOUNT,,,,,,,7,20,2023-11-10,2028-03-31,ACTIVE,VERIFIED,0.9778,0.8889,False,SBI Card,S,https://www.sbicard.com/en/personal/offers.page
sbicard_offers__e509a9e15c,Convert To EMI at Whirlpool,SBI Card,,Whirlpool,ELECTRONICS,EMI_OFFER,DISCOUNT,,,,,,,7,20,2023-11-10,2028-03-31,ACTIVE,VERIFIED,0.9778,0.8889,False,SBI Card,S,https://www.sbicard.com/en/personal/offers.page
sbicard_offers__836f6046ff,Convert To EMI at TCL,SBI Card,,TCL,ELECTRONICS,EMI_OFFER,DISCOUNT,,,,,,,7,20,2023-11-10,2028-03-31,ACTIVE,VERIFIED,0.9778,0.8889,False,SBI Card,S,https://www.sbicard.com/en/personal/offers.page
sbicard_offers__1a57f9393b,Convert To EMI at Bosch,SBI Card,,Bosch,ELECTRONICS,EMI_OFFER,DISCOUNT,,,,,,,7,20,2023-11-10,2028-03-31,ACTIVE,VERIFIED,0.9778,0.8889,False,SBI Card,S,https://www.sbicard.com/en/personal/offers.page
sbicard_offers__2e7cc93fdf,Convert To EMI at Acer,SBI Card,,Acer,ECOMMERCE,EMI_OFFER,DISCOUNT,,,,,,,7,20,2023-11-10,2028-03-31,ACTIVE,VERIFIED,0.9778,0.8889,False,SBI Card,S,https://www.sbicard.com/en/personal/offers.page
sbicard_offers__c15c94ef07,Convert To EMI at JBL,SBI Card,,JBL,ECOMMERCE,EMI_OFFER,DISCOUNT,,,,,,,7,20,2023-11-10,2028-03-31,ACTIVE,VERIFIED,0.9778,0.8889,False,SBI Card,S,https://www.sbicard.com/en/personal/offers.page
sbicard_offers__94b294e756,Convert To EMI at Dell,SBI Card,,Dell,ECOMMERCE,EMI_OFFER,DISCOUNT,,,,,,,7,20,2023-11-10,2028-03-31,ACTIVE,VERIFIED,0.9778,0.8889,False,SBI Card,S,https://www.sbicard.com/en/personal/offers.page
sbicard_offers__a771a5a49a,Convert To EMI at Daikin,SBI Card,,Daikin,ECOMMERCE,EMI_OFFER,DISCOUNT,,,,,,,7,20,2023-11-10,2028-03-31,ACTIVE,VERIFIED,0.9778,0.8889,False,SBI Card,S,https://www.sbicard.com/en/personal/offers.page
sbicard_offers__6468e95b01,Convert To EMI at IFB,SBI Card,,IFB,ECOMMERCE,EMI_OFFER,DISCOUNT,,,,,,,7,20,2023-11-10,2028-03-31,ACTIVE,VERIFIED,0.9778,0.8889,False,SBI Card,S,https://www.sbicard.com/en/personal/offers.page
sbicard_offers__d7e465bd46,Convert To EMI at Haier,SBI Card,,Haier,ELECTRONICS,EMI_OFFER,DISCOUNT,,,,,,,7,20,2023-11-10,2028-03-31,ACTIVE,VERIFIED,0.9778,0.8889,False,SBI Card,S,https://www.sbicard.com/en/personal/offers.page
sbicard_offers__2116dc487c,Convert To EMI at Bluestar,SBI Card,,Bluestar,ECOMMERCE,EMI_OFFER,DISCOUNT,,,,,,,7,20,2023-11-10,2028-03-31,ACTIVE,VERIFIED,0.9778,0.8889,False,SBI Card,S,https://www.sbicard.com/en/personal/offers.page
sbicard_offers__e396a79025,Convert To EMI at ASUS,SBI Card,,ASUS,ELECTRONICS,EMI_OFFER,DISCOUNT,,,,,,,6,14,2023-02-17,2027-03-31,ACTIVE,VERIFIED,0.9778,0.8889,False,SBI Card,S,https://www.sbicard.com/en/personal/offers.page
sbicard_offers__b7cd47c973,Convert To EMI at Panasonic,SBI Card,,Panasonic,ELECTRONICS,EMI_OFFER,DISCOUNT,,,,,,,10,22,2022-11-22,2027-03-31,ACTIVE,VERIFIED,0.9778,0.8889,False,SBI Card,S,https://www.sbicard.com/en/personal/offers.page
sbicard_offers__1fdcc4bd88,Convert To EMI at Carrier,SBI Card,,Carrier,,EMI_OFFER,DISCOUNT,,,,,,,10,22,2022-11-08,2027-11-30,ACTIVE,VERIFIED,0.9667,0.8333,False,SBI Card,S,https://www.sbicard.com/en/personal/offers.page
sbicard_offers__b488e9a338,Exclusive EMI offer on your SBI Card at nearest Reliance Digital store,SBI Card,,Reliance Digital,,EMI_OFFER,DISCOUNT,,,,,,,10,27,2015-04-02,2029-09-30,ACTIVE,VERIFIED,0.9667,0.8333,False,SBI Card,S,https://www.sbicard.com/en/personal/offers.page
sbicard_festive__f26a4bf660,Up to 5% Instant Discount at Aditya,SBI Card,,Aditya,GROCERY,PERCENTAGE_DISCOUNT,DISCOUNT,5.0,,,,1000.0,2000.0,0,0,2025-10-01,2025-10-10,EXPIRED,EXPIRED,0.2,0.8889,False,SBI Card Festive Offers,S,https://www.sbicard.com/sbi-card-en/assets/docs/html/personal/offers/festive/festive-offers/index-page.html
sbicard_festive__3c4ccfa41f,Up to Rs 750 Cashback per card account at Anand World,SBI Card,,Anand World,FASHION,CASHBACK,CASHBACK,,,,,750.0,4000.0,0,0,2025-09-17,2025-10-21,EXPIRED,EXPIRED,0.2,0.8889,False,SBI Card Festive Offers,S,https://www.sbicard.com/sbi-card-en/assets/docs/html/personal/offers/festive/festive-offers/index-page.html
sbicard_festive__5f3790377f,"Up to Rs 6,000 Instant Discount ^ at Apple",SBI Card,,Apple,ELECTRONICS,EMI_OFFER,DISCOUNT,,,,,6000.0,,0,0,2025-09-12,2025-12-27,EXPIRED,EXPIRED,0.2,0.8889,False,SBI Card Festive Offers,S,https://www.sbicard.com/sbi-card-en/assets/docs/html/personal/offers/festive/festive-offers/index-page.html
sbicard_festive__542c8b33fc,5% Cashback at Apple,SBI Card,,Apple,ELECTRONICS,CASHBACK,CASHBACK,,5.0,,,100.0,1000.0,0,0,2025-09-30,2025-10-09,EXPIRED,EXPIRED,0.2,0.8889,False,SBI Card Festive Offers,S,https://www.sbicard.com/sbi-card-en/assets/docs/html/personal/offers/festive/festive-offers/index-page.html
sbicard_festive__fc6adce192,"Up to 5,000 Extra Cashback per card account at Arundhati Jewellers",SBI Card,,Arundhati Jewellers,JEWELLERY,CASHBACK,CASHBACK,,,,40000.0,5000.0,40000.0,0,0,2025-09-26,2025-10-02,EXPIRED,EXPIRED,0.2,0.8889,False,SBI Card Festive Offers,S,https://www.sbicard.com/sbi-card-en/assets/docs/html/personal/offers/festive/festive-offers/index-page.html
sbicard_festive__391ac1cb60,Up to 7.5% Instant Discount at Ather,SBI Card,,Ather,ELECTRONICS,EMI_OFFER,DISCOUNT,7.5,,,,10000.0,,0,0,2025-09-12,2025-10-31,EXPIRED,EXPIRED,0.2,0.8889,False,SBI Card Festive Offers,S,https://www.sbicard.com/sbi-card-en/assets/docs/html/personal/offers/festive/festive-offers/index-page.html
sbicard_festive__129e7ea27d,5% Cashback per card account at Avani Riverside Mall,SBI Card,,Avani Riverside Mall,RETAIL,CASHBACK,CASHBACK,,5.0,,,2000.0,9000.0,0,0,2025-09-25,2025-10-26,EXPIRED,EXPIRED,0.2,0.8889,False,SBI Card Festive Offers,S,https://www.sbicard.com/sbi-card-en/assets/docs/html/personal/offers/festive/festive-offers/index-page.html
sbicard_festive__e762b69a8d,Up to 10% Instant Discount # at B-New Mobiles,SBI Card,,B New Mobiles,ELECTRONICS,PERCENTAGE_DISCOUNT,DISCOUNT,10.0,,,,8000.0,20000.0,0,0,2025-09-22,2025-10-26,EXPIRED,EXPIRED,0.2,0.8889,False,SBI Card Festive Offers,S,https://www.sbicard.com/sbi-card-en/assets/docs/html/personal/offers/festive/festive-offers/index-page.html
sbicard_festive__87c0420170,5% Cashback at Family Bazaar,SBI Card,,Family Bazaar,GROCERY,CASHBACK,CASHBACK,,5.0,,,300.0,3500.0,0,0,2025-09-22,2025-10-31,EXPIRED,EXPIRED,0.2,0.8889,False,SBI Card Festive Offers,S,https://www.sbicard.com/sbi-card-en/assets/docs/html/personal/offers/festive/festive-offers/index-page.html
sbicard_festive__3f80b2f139,"Up to Rs 5,000 Instant Discount # per card at Bhajanlal Commercial",SBI Card,,Bhajanlal Commercial,ELECTRONICS,CASHBACK,CASHBACK,,,,,300.0,15000.0,0,0,2025-09-22,2025-10-26,EXPIRED,EXPIRED,0.2,0.8889,False,SBI Card Festive Offers,S,https://www.sbicard.com/sbi-card-en/assets/docs/html/personal/offers/festive/festive-offers/index-page.html
sbicard_festive__ca28b9e37b,"Up to Rs 5,500 Instant Discount # per card at Bhatia Mobile",SBI Card,,Bhatia Mobile,ELECTRONICS,FLAT_DISCOUNT,DISCOUNT,,,,,5500.0,18500.0,0,0,2025-09-22,2025-10-26,EXPIRED,EXPIRED,0.2,0.8889,False,SBI Card Festive Offers,S,https://www.sbicard.com/sbi-card-en/assets/docs/html/personal/offers/festive/festive-offers/index-page.html
sbicard_festive__73ca7c75b3,Up to 10% Instant Discount # at Big C Mobile,SBI Card,,Big C Mobile,ELECTRONICS,PERCENTAGE_DISCOUNT,DISCOUNT,10.0,,,,10000.0,15000.0,0,0,2025-09-21,2025-10-04,EXPIRED,EXPIRED,0.2,0.8889,False,SBI Card Festive Offers,S,https://www.sbicard.com/sbi-card-en/assets/docs/html/personal/offers/festive/festive-offers/index-page.html
sbicard_festive__c37c755e4d,5% Cashback at Blackberry,SBI Card,,Blackberry,FASHION,CASHBACK,CASHBACK,,5.0,,,750.0,10000.0,0,0,2025-10-07,2025-10-15,EXPIRED,EXPIRED,0.2,0.8889,False,SBI Card Festive Offers,S,https://www.sbicard.com/sbi-card-en/assets/docs/html/personal/offers/festive/festive-offers/index-page.html
sbicard_festive__a0f0430f87,Up to 20% Instant Discount at Bosch,SBI Card,,Bosch,ELECTRONICS,EMI_OFFER,DISCOUNT,20.0,,,,9500.0,,0,0,2025-09-20,2025-10-31,EXPIRED,EXPIRED,0.2,0.8889,False,SBI Card Festive Offers,S,https://www.sbicard.com/sbi-card-en/assets/docs/html/personal/offers/festive/festive-offers/index-page.html
sbicard_festive__9d5c43791a,"Up to Rs 1,000 Cashback per card account at Boyanika",SBI Card,,Boyanika,FASHION,CASHBACK,CASHBACK,,,,,1000.0,4000.0,0,0,2025-09-13,2025-10-21,EXPIRED,EXPIRED,0.2,0.8889,False,SBI Card Festive Offers,S,https://www.sbicard.com/sbi-card-en/assets/docs/html/personal/offers/festive/festive-offers/index-page.html
sbicard_festive__2c65900004,"Flat 2,000 Instant Discount per card at Caratlane",SBI Card,,Caratlane,JEWELLERY,FLAT_DISCOUNT,DISCOUNT,,,,40000.0,2000.0,40000.0,0,0,2025-10-09,2025-10-18,EXPIRED,EXPIRED,0.2,0.8889,False,SBI Card Festive Offers,S,https://www.sbicard.com/sbi-card-en/assets/docs/html/personal/offers/festive/festive-offers/index-page.html
sbicard_festive__8e32384f58,5% Cashback at Central Mall Guwahati,SBI Card,,Central Mall Guwahati,RETAIL,CASHBACK,CASHBACK,,5.0,,,1500.0,5500.0,0,0,2025-09-25,2025-10-26,EXPIRED,EXPIRED,0.2,0.8889,False,SBI Card Festive Offers,S,https://www.sbicard.com/sbi-card-en/assets/docs/html/personal/offers/festive/festive-offers/index-page.html
sbicard_festive__c2ba8de9bf,"Up to Rs 1,000 Instant Discount per card at Central Mall Guwahati",SBI Card,,Central Mall Guwahati,RETAIL,FLAT_DISCOUNT,DISCOUNT,,,,,1000.0,45000.0,0,0,2025-09-21,2025-10-31,EXPIRED,EXPIRED,0.2,0.8889,False,SBI Card Festive Offers,S,https://www.sbicard.com/sbi-card-en/assets/docs/html/personal/offers/festive/festive-offers/index-page.html
sbicard_festive__e6e5f7e116,"Up to Rs 3,500 Cashback per card account at Central Mall Guwahati",SBI Card,,Central Mall Guwahati,RETAIL,CASHBACK,CASHBACK,,,,,3500.0,45000.0,0,0,2025-09-02,2025-10-05,EXPIRED,EXPIRED,0.2,0.8889,False,SBI Card Festive Offers,S,https://www.sbicard.com/sbi-card-en/assets/docs/html/personal/offers/festive/festive-offers/index-page.html
sbicard_festive__b9c8dd6eac,5% Instant Discount # at Family Bazaar,SBI Card,,Family Bazaar,GROCERY,PERCENTAGE_DISCOUNT,DISCOUNT,5.0,,,,4000.0,20000.0,0,0,2025-09-19,2025-10-21,EXPIRED,EXPIRED,0.2,0.8889,False,SBI Card Festive Offers,S,https://www.sbicard.com/sbi-card-en/assets/docs/html/personal/offers/festive/festive-offers/index-page.html
sbicard_festive__3fea2fc236,7.5% Instant Discount # at Digi1 Electronics,SBI Card,,Digi1 Electronics,ELECTRONICS,PERCENTAGE_DISCOUNT,DISCOUNT,7.5,,,,3000.0,20000.0,0,0,2025-09-22,2025-10-31,EXPIRED,EXPIRED,0.2,0.8889,False,SBI Card Festive Offers,S,https://www.sbicard.com/sbi-card-en/assets/docs/html/personal/offers/festive/festive-offers/index-page.html
sbicard_festive__bb48142b7c,5% Instant Discount ^ at Durian,SBI Card,,Durian,FASHION,PERCENTAGE_DISCOUNT,DISCOUNT,5.0,,,,10000.0,10000.0,0,0,2025-10-01,2025-10-31,EXPIRED,EXPIRED,0.2,0.8889,False,SBI Card Festive Offers,S,https://www.sbicard.com/sbi-card-en/assets/docs/html/personal/offers/festive/festive-offers/index-page.html
sbicard_festive__1a47934598,Up to 5% Cashback at EasyBuy,SBI Card,,EasyBuy,FASHION,CASHBACK,CASHBACK,,5.0,,,300.0,1999.0,0,0,2025-09-20,2025-10-26,EXPIRED,EXPIRED,0.2,0.8889,False,SBI Card Festive Offers,S,https://www.sbicard.com/sbi-card-en/assets/docs/html/personal/offers/festive/festive-offers/index-page.html
sbicard_festive__bb0fefc570,Up to 15% Instant Discount ^ at EasyBuy,SBI Card,,EasyBuy,FASHION,PERCENTAGE_DISCOUNT,DISCOUNT,15.0,,,,15000.0,,0,0,2025-10-01,2025-12-31,EXPIRED,EXPIRED,0.2,0.8333,False,SBI Card Festive Offers,S,https://www.sbicard.com/sbi-card-en/assets/docs/html/personal/offers/festive/festive-offers/index-page.html
sbicard_festive__e0efa293bc,"Up to Rs 9,000 Instant Discount # per card at EasyBuy",SBI Card,,EasyBuy,FASHION,FLAT_DISCOUNT,DISCOUNT,,,,,9000.0,20000.0,0,0,2025-09-22,2025-10-31,EXPIRED,EXPIRED,0.2,0.8889,False,SBI Card Festive Offers,S,https://www.sbicard.com/sbi-card-en/assets/docs/html/personal/offers/festive/festive-offers/index-page.html
sbicard_festive__6677ee8bd4,Up to 7.5% Instant Discount # per card at Elektrokraft,SBI Card,,Elektrokraft,ELECTRONICS,PERCENTAGE_DISCOUNT,DISCOUNT,7.5,,,,4500.0,15000.0,0,0,2025-09-20,2025-10-21,EXPIRED,EXPIRED,0.2,0.8889,False,SBI Card Festive Offers,S,https://www.sbicard.com/sbi-card-en/assets/docs/html/personal/offers/festive/festive-offers/index-page.html
sbicard_festive__3601c43ea0,Up to Rs 400 Extra Cashback per card account at Family Bazaar,SBI Card,,Family Bazaar,GROCERY,CASHBACK,CASHBACK,,,,,400.0,4000.0,0,0,2025-09-22,2025-10-23,EXPIRED,EXPIRED,0.2,0.8889,False,SBI Card Festive Offers,S,https://www.sbicard.com/sbi-card-en/assets/docs/html/personal/offers/festive/festive-offers/index-page.html
sbicard_festive__8d3e03bb67,10% Instant Discount # at Flipkart,SBI Card,,Flipkart,ECOMMERCE,PERCENTAGE_DISCOUNT,DISCOUNT,10.0,,,,15000.0,,0,0,2025-10-10,2025-10-24,EXPIRED,EXPIRED,0.2,0.8333,False,SBI Card Festive Offers,S,https://www.sbicard.com/sbi-card-en/assets/docs/html/personal/offers/festive/festive-offers/index-page.html
sbicard_festive__0c2ad87ae4,5% Instant Discount~ at Fashion Factory,SBI Card,,Fashion Factory,FASHION,PERCENTAGE_DISCOUNT,DISCOUNT,5.0,,,,500.0,4000.0,0,0,2025-09-13,2025-10-27,EXPIRED,EXPIRED,0.2,0.8889,False,SBI Card Festive Offers,S,https://www.sbicard.com/sbi-card-en/assets/docs/html/personal/offers/festive/festive-offers/index-page.html
sbicard_festive__571ad4e775,"Up to 3,000 Extra Cashback at Frontier Jewellers",SBI Card,,Frontier Jewellers,JEWELLERY,CASHBACK,CASHBACK,,,,,3000.0,,0,0,2025-09-25,2025-10-02,EXPIRED,EXPIRED,0.2,0.8333,False,SBI Card Festive Offers,S,https://www.sbicard.com/sbi-card-en/assets/docs/html/personal/offers/festive/festive-offers/index-page.html
sbicard_festive__92ef2049a6,Up to Rs 3750 Instant Discount # per card at Go Mobile,SBI Card,,Go Mobile,ELECTRONICS,FLAT_DISCOUNT,DISCOUNT,,,,,3750.0,15000.0,0,0,2025-09-26,2025-10-25,EXPIRED,EXPIRED,0.2,0.8889,False,SBI Card Festive Offers,S,https://www.sbicard.com/sbi-card-en/assets/docs/html/personal/offers/festive/festive-offers/index-page.html
sbicard_festive__2d52c51d23,Flat 10% Instant Discount # at Girias,SBI Card,,Girias,ELECTRONICS,PERCENTAGE_DISCOUNT,DISCOUNT,10.0,,,,2500.0,20000.0,0,0,2025-09-27,2025-10-31,EXPIRED,EXPIRED,0.2,0.8889,False,SBI Card Festive Offers,S,https://www.sbicard.com/sbi-card-en/assets/docs/html/personal/offers/festive/festive-offers/index-page.html
sbicard_festive__0bfe977c80,"Up to Rs 4,500 Instant Discount # per card at Go Mobile",SBI Card,,Go Mobile,ELECTRONICS,FLAT_DISCOUNT,DISCOUNT,,,,,4500.0,15000.0,0,0,2025-09-22,2025-10-23,EXPIRED,EXPIRED,0.2,0.8889,False,SBI Card Festive Offers,S,https://www.sbicard.com/sbi-card-en/assets/docs/html/personal/offers/festive/festive-offers/index-page.html
sbicard_festive__249b6bca7c,Up to 25% Instant discount ^ at Godrej,SBI Card,,Godrej,ELECTRONICS,PERCENTAGE_DISCOUNT,DISCOUNT,25.0,,,,12000.0,,0,0,2025-10-01,2025-12-31,EXPIRED,EXPIRED,0.2,0.8333,False,SBI Card Festive Offers,S,https://www.sbicard.com/sbi-card-en/assets/docs/html/personal/offers/festive/festive-offers/index-page.html
sbicard_festive__b4aba18dc7,Up to Rs 10% Instant Discount # at Great Eastern Trading,SBI Card,,Great Eastern Trading,ELECTRONICS,PERCENTAGE_DISCOUNT,DISCOUNT,10.0,,,,5000.0,25000.0,0,0,,2025-10-20,EXPIRED,EXPIRED,0.2,0.8333,False,SBI Card Festive Offers,S,https://www.sbicard.com/sbi-card-en/assets/docs/html/personal/offers/festive/festive-offers/index-page.html
sbicard_festive__e0ef2538a3,5% Instant Discount # at Guru mobile,SBI Card,,Guru Mobile,ELECTRONICS,PERCENTAGE_DISCOUNT,DISCOUNT,5.0,,,,4500.0,15000.0,0,0,,2025-10-23,EXPIRED,EXPIRED,0.2,0.8333,False,SBI Card Festive Offers,S,https://www.sbicard.com/sbi-card-en/assets/docs/html/personal/offers/festive/festive-offers/index-page.html
sbicard_festive__34d78ae48a,Up to 25% Instant Discount ^ at Haier,SBI Card,,Haier,ELECTRONICS,EMI_OFFER,DISCOUNT,25.0,,,,25000.0,,0,0,2025-10-01,2025-10-31,EXPIRED,EXPIRED,0.2,0.8889,False,SBI Card Festive Offers,S,https://www.sbicard.com/sbi-card-en/assets/docs/html/personal/offers/festive/festive-offers/index-page.html
sbicard_festive__a4c4377c2e,"Up to Rs 15,000 Discount ^ per card at HP",SBI Card,,Hp,ELECTRONICS,EMI_OFFER,DISCOUNT,,,,,15000.0,,0,0,2025-10-01,2025-10-31,EXPIRED,EXPIRED,0.2,0.8889,False,SBI Card Festive Offers,S,https://www.sbicard.com/sbi-card-en/assets/docs/html/personal/offers/festive/festive-offers/index-page.html
sbicard_festive__8746cba335,Up to 20% Instant Discount at IFB,SBI Card,,IFB,ECOMMERCE,EMI_OFFER,DISCOUNT,20.0,,,,9000.0,,0,0,2025-09-20,2025-10-31,EXPIRED,EXPIRED,0.2,0.8889,False,SBI Card Festive Offers,S,https://www.sbicard.com/sbi-card-en/assets/docs/html/personal/offers/festive/festive-offers/index-page.html
sbicard_festive__0a67049b6a,"Up to Rs 4,500 Instant Discount # per card at Initiative",SBI Card,,Initiative,ELECTRONICS,FLAT_DISCOUNT,DISCOUNT,,,,,4500.0,15000.0,0,0,2025-09-22,2025-10-23,EXPIRED,EXPIRED,0.2,0.8889,False,SBI Card Festive Offers,S,https://www.sbicard.com/sbi-card-en/assets/docs/html/personal/offers/festive/festive-offers/index-page.html
sbicard_festive__1238731240,Up to Rs 400 Extra Cashback per card account at Jalans,SBI Card,,Jalans,GROCERY,CASHBACK,CASHBACK,,,,,400.0,4000.0,0,0,2025-09-22,2025-10-28,EXPIRED,EXPIRED,0.2,0.8889,False,SBI Card Festive Offers,S,https://www.sbicard.com/sbi-card-en/assets/docs/html/personal/offers/festive/festive-offers/index-page.html
sbicard_festive__1889dc210f,"Up to Rs 1,000 Cashback per card account at Kalamandir",SBI Card,,Kalamandir,FASHION,CASHBACK,CASHBACK,,,,,1000.0,6000.0,0,0,2025-08-31,2025-10-21,EXPIRED,EXPIRED,0.2,0.8333,False,SBI Card Festive Offers,S,https://www.sbicard.com/sbi-card-en/assets/docs/html/personal/offers/festive/festive-offers/index-page.html
sbicard_festive__aee6f53390,Up to 10% Instant Discount # at Khosla Electronics,SBI Card,,Khosla Electronics,ELECTRONICS,PERCENTAGE_DISCOUNT,DISCOUNT,10.0,,,,6000.0,20000.0,0,0,2025-09-07,2025-10-05,EXPIRED,EXPIRED,0.2,0.8889,False,SBI Card Festive Offers,S,https://www.sbicard.com/sbi-card-en/assets/docs/html/personal/offers/festive/festive-offers/index-page.html
sbicard_festive__4a7469ce1b,Up to 26% Instant Discount ^ at LG,SBI Card,,Lg,ELECTRONICS,EMI_OFFER,DISCOUNT,26.0,,,,50000.0,,0,0,2025-10-01,2025-10-31,EXPIRED,EXPIRED,0.2,0.8889,False,SBI Card Festive Offers,S,https://www.sbicard.com/sbi-card-en/assets/docs/html/personal/offers/festive/festive-offers/index-page.html
sbicard_festive__c624487dd9,Up to 27.5% Instant Discount ^ at LG,SBI Card,,Lg,ELECTRONICS,EMI_OFFER,DISCOUNT,27.5,,,,20500.0,,0,0,2025-09-20,2025-10-31,EXPIRED,EXPIRED,0.2,0.8889,False,SBI Card Festive Offers,S,https://www.sbicard.com/sbi-card-en/assets/docs/html/personal/offers/festive/festive-offers/index-page.html
sbicard_festive__9c2e08e639,5% Instant Discount ^ at Lenskart,SBI Card,,Lenskart,FASHION,PERCENTAGE_DISCOUNT,DISCOUNT,5.0,,,,1500.0,,0,0,2025-10-01,2025-10-31,EXPIRED,EXPIRED,0.2,0.8333,False,SBI Card Festive Offers,S,https://www.sbicard.com/sbi-card-en/assets/docs/html/personal/offers/festive/festive-offers/index-page.html
sbicard_festive__b0bfd704eb,5% Cashback at m bazaar,SBI Card,,m bazaar,FASHION,CASHBACK,CASHBACK,,5.0,,,1000.0,2000.0,0,0,2025-08-16,2025-10-02,EXPIRED,EXPIRED,0.2,0.8889,False,SBI Card Festive Offers,S,https://www.sbicard.com/sbi-card-en/assets/docs/html/personal/offers/festive/festive-offers/index-page.html
sbicard_festive__6a1b1155c3,"Flat 2,500 Cashback at Malabar Gold",SBI Card,,Malabar Gold,JEWELLERY,CASHBACK,CASHBACK,,,,50000.0,2500.0,50000.0,0,0,2025-10-10,2025-10-19,EXPIRED,EXPIRED,0.2,0.8889,False,SBI Card Festive Offers,S,https://www.sbicard.com/sbi-card-en/assets/docs/html/personal/offers/festive/festive-offers/index-page.html
sbicard_festive__3a8115fb25,"Flat 2,000 Instant Discount per card at Mia by Tanishq",SBI Card,,Mia by Tanishq,JEWELLERY,FLAT_DISCOUNT,DISCOUNT,,,,40000.0,,40000.0,0,0,2025-10-14,2025-10-23,EXPIRED,EXPIRED,0.2,0.8333,False,SBI Card Festive Offers,S,https://www.sbicard.com/sbi-card-en/assets/docs/html/personal/offers/festive/festive-offers/index-page.html
sbicard_festive__e5634b30bb,"Up to 4,500 Instant Discount # per card at manoj mobile",SBI Card,,manoj mobile,ELECTRONICS,FLAT_DISCOUNT,DISCOUNT,,,,15000.0,4500.0,15000.0,0,0,2025-09-22,2025-09-23,EXPIRED,EXPIRED,0.2,0.8889,False,SBI Card Festive Offers,S,https://www.sbicard.com/sbi-card-en/assets/docs/html/personal/offers/festive/festive-offers/index-page.html
sbicard_festive__7fc28d74a2,5% Cashback at maz fashion,SBI Card,,maz fashion,FASHION,CASHBACK,CASHBACK,,5.0,,,750.0,3999.0,0,0,2025-09-12,2025-10-23,EXPIRED,EXPIRED,0.2,0.8889,False,SBI Card Festive Offers,S,https://www.sbicard.com/sbi-card-en/assets/docs/html/personal/offers/festive/festive-offers/index-page.html
sbicard_festive__9599bbfeb3,5% Cashback at monte carlo,SBI Card,,monte carlo,FASHION,CASHBACK,CASHBACK,,5.0,,,750.0,7500.0,0,0,2025-09-16,2025-10-30,EXPIRED,EXPIRED,0.2,0.8889,False,SBI Card Festive Offers,S,https://www.sbicard.com/sbi-card-en/assets/docs/html/personal/offers/festive/festive-offers/index-page.html
sbicard_festive__ec038b2a17,"Up to Rs 10,500 Instant Discount ^ per card at Motorola",SBI Card,,Motorola,ELECTRONICS,EMI_OFFER,DISCOUNT,,,,,10500.0,,0,0,2025-09-20,2025-10-31,EXPIRED,EXPIRED,0.2,0.8889,False,SBI Card Festive Offers,S,https://www.sbicard.com/sbi-card-en/assets/docs/html/personal/offers/festive/festive-offers/index-page.html
sbicard_festive__3f19b6b3b3,10% Instant Discount # at Myntra,SBI Card,,Myntra,ECOMMERCE,PERCENTAGE_DISCOUNT,DISCOUNT,10.0,,,,1000.0,,0,0,2025-10-10,2025-10-19,EXPIRED,EXPIRED,0.2,0.8333,False,SBI Card Festive Offers,S,https://www.sbicard.com/sbi-card-en/assets/docs/html/personal/offers/festive/festive-offers/index-page.html
sbicard_festive__30ccda94da,"Up to Rs 20,000 Instant Discount ^ at Nothing",SBI Card,,Nothing,ELECTRONICS,EMI_OFFER,DISCOUNT,,,,,20000.0,,0,0,2025-10-01,2025-10-31,EXPIRED,EXPIRED,0.2,0.8889,False,SBI Card Festive Offers,S,https://www.sbicard.com/sbi-card-en/assets/docs/html/personal/offers/festive/festive-offers/index-page.html
sbicard_festive__b7aec202de,"Up to Rs 10,000 Instant Discount ^ per card at Oppo",SBI Card,,Oppo,ELECTRONICS,EMI_OFFER,DISCOUNT,,,,,10000.0,,0,0,2025-10-01,2025-10-31,EXPIRED,EXPIRED,0.2,0.8889,False,SBI Card Festive Offers,S,https://www.sbicard.com/sbi-card-en/assets/docs/html/personal/offers/festive/festive-offers/index-page.html
sbicard_festive__bdb60bebb4,Up to 20% Instant Discount ^ at panasonic,SBI Card,,Panasonic,ELECTRONICS,EMI_OFFER,DISCOUNT,20.0,,,,15000.0,,0,0,2025-09-20,2025-10-31,EXPIRED,EXPIRED,0.2,0.8889,False,SBI Card Festive Offers,S,https://www.sbicard.com/sbi-card-en/assets/docs/html/personal/offers/festive/festive-offers/index-page.html
sbicard_festive__232b2e8a49,Up to Rs 750 Cashback per card account at Punjab Cloth,SBI Card,,Punjab Cloth,FASHION,CASHBACK,CASHBACK,,,,,750.0,6000.0,0,0,2025-09-06,2025-10-26,EXPIRED,EXPIRED,0.2,0.8889,False,SBI Card Festive Offers,S,https://www.sbicard.com/sbi-card-en/assets/docs/html/personal/offers/festive/festive-offers/index-page.html
sbicard_festive__8a0e2c0b89,5% Cashback at Raymonds National,SBI Card,,Raymonds National,FASHION,CASHBACK,CASHBACK,,5.0,,,750.0,7500.0,0,0,2025-09-22,2025-10-23,EXPIRED,EXPIRED,0.2,0.8889,False,SBI Card Festive Offers,S,https://www.sbicard.com/sbi-card-en/assets/docs/html/personal/offers/festive/festive-offers/index-page.html
sbicard_festive__88d1566a37,5% Cashback at raymonds regional,SBI Card,,raymonds regional,FASHION,CASHBACK,CASHBACK,,5.0,,,1000.0,7000.0,0,0,,2025-10-02,EXPIRED,EXPIRED,0.2,0.8333,False,SBI Card Festive Offers,S,https://www.sbicard.com/sbi-card-en/assets/docs/html/personal/offers/festive/festive-offers/index-page.html
sbicard_festive__36624f01fc,5% Instant Discount~ at Trends,SBI Card,,Trends,FASHION,PERCENTAGE_DISCOUNT,DISCOUNT,5.0,,,,500.0,3000.0,0,0,2025-09-13,2025-10-20,EXPIRED,EXPIRED,0.2,0.8889,False,SBI Card Festive Offers,S,https://www.sbicard.com/sbi-card-en/assets/docs/html/personal/offers/festive/festive-offers/index-page.html
sbicard_festive__5d3e544fc1,"Up to 15,000 Instant Discount # per card at Reliance Digital",SBI Card,,Reliance Digital,ELECTRONICS,FLAT_DISCOUNT,DISCOUNT,,,,,,,0,0,2025-10-05,2025-10-15,EXPIRED,EXPIRED,0.2,0.7778,False,SBI Card Festive Offers,S,https://www.sbicard.com/sbi-card-en/assets/docs/html/personal/offers/festive/festive-offers/index-page.html
sbicard_festive__2add9a5a31,5% Cashback at Reliance Jewels,SBI Card,,Reliance Jewels,JEWELLERY,CASHBACK,CASHBACK,,5.0,,,2500.0,25000.0,0,0,2025-10-10,2025-10-19,EXPIRED,EXPIRED,0.2,0.8889,False,SBI Card Festive Offers,S,https://www.sbicard.com/sbi-card-en/assets/docs/html/personal/offers/festive/festive-offers/index-page.html
sbicard_festive__9c358c6164,"Up to Rs 4,000 Instant Discount # per card at Sahu Agencies",SBI Card,,Sahu Agencies,ELECTRONICS,FLAT_DISCOUNT,DISCOUNT,,,,,4000.0,15000.0,0,0,,2025-10-23,EXPIRED,EXPIRED,0.2,0.8333,False,SBI Card Festive Offers,S,https://www.sbicard.com/sbi-card-en/assets/docs/html/personal/offers/festive/festive-offers/index-page.html
sbicard_festive__e0fc1844a0,Up to 27.5% Instant Discount^ on Consumer Durables at Samsung CD,SBI Card,,Samsung CD,ELECTRONICS,EMI_OFFER,DISCOUNT,27.5,,,,55000.0,,0,0,2025-10-01,2025-10-31,EXPIRED,EXPIRED,0.2,0.8889,False,SBI Card Festive Offers,S,https://www.sbicard.com/sbi-card-en/assets/docs/html/personal/offers/festive/festive-offers/index-page.html
sbicard_festive__398d05f553,10% Instant Discount at Smart Bazaar,SBI Card,,Smart Bazaar,GROCERY,PERCENTAGE_DISCOUNT,DISCOUNT,10.0,,,,500.0,3000.0,0,0,2025-10-18,2025-10-24,EXPIRED,EXPIRED,0.2,0.8889,False,SBI Card Festive Offers,S,https://www.sbicard.com/sbi-card-en/assets/docs/html/personal/offers/festive/festive-offers/index-page.html
sbicard_festive__91be4ccfa4,Up to 400 Extra Cashback per card account at Smile Store,SBI Card,,Smile Store,GROCERY,CASHBACK,CASHBACK,,,,,,,0,0,,2025-10-23,EXPIRED,EXPIRED,0.2,0.7222,False,SBI Card Festive Offers,S,https://www.sbicard.com/sbi-card-en/assets/docs/html/personal/offers/festive/festive-offers/index-page.html
sbicard_festive__529b22d1dd,5% Instant Discount # at Soch,SBI Card,,Soch,FASHION,PERCENTAGE_DISCOUNT,DISCOUNT,5.0,,,,750.0,5000.0,0,0,2025-09-10,2025-10-23,EXPIRED,EXPIRED,0.2,0.8889,False,SBI Card Festive Offers,S,https://www.sbicard.com/sbi-card-en/assets/docs/html/personal/offers/festive/festive-offers/index-page.html
sbicard_festive__6cc747d686,Up to 10% Instant Discount at Sony,SBI Card,,Sony,ELECTRONICS,EMI_OFFER,DISCOUNT,10.0,,,,27500.0,,0,0,2025-10-01,2025-10-31,EXPIRED,EXPIRED,0.2,0.8889,False,SBI Card Festive Offers,S,https://www.sbicard.com/sbi-card-en/assets/docs/html/personal/offers/festive/festive-offers/index-page.html
sbicard_festive__19d94e25bc,5% Cashback at Style Bazaar,SBI Card,,Style Bazaar,FASHION,CASHBACK,CASHBACK,,5.0,,,750.0,2000.0,0,0,2025-08-15,2025-10-02,EXPIRED,EXPIRED,0.2,0.8889,False,SBI Card Festive Offers,S,https://www.sbicard.com/sbi-card-en/assets/docs/html/personal/offers/festive/festive-offers/index-page.html
sbicard_festive__03a60c3bd6,"Flat 4,000 Instant Discount per card at Smart Bazaar",SBI Card,,Smart Bazaar,GROCERY,FLAT_DISCOUNT,DISCOUNT,,,,80000.0,,80000.0,0,0,2025-10-14,2025-10-23,EXPIRED,EXPIRED,0.2,0.8333,False,SBI Card Festive Offers,S,https://www.sbicard.com/sbi-card-en/assets/docs/html/personal/offers/festive/festive-offers/index-page.html
sbicard_festive__37873edae3,5% Instant Discount at TVS,SBI Card,,Tvs,ELECTRONICS,EMI_OFFER,DISCOUNT,5.0,,,,7500.0,,0,0,2025-09-20,2025-12-31,EXPIRED,EXPIRED,0.2,0.8889,False,SBI Card Festive Offers,S,https://www.sbicard.com/sbi-card-en/assets/docs/html/personal/offers/festive/festive-offers/index-page.html
sbicard_festive__ac206cac32,5% Cashback at Urban Buy,SBI Card,,Urban Buy,GROCERY,CASHBACK,CASHBACK,,5.0,,,400.0,4000.0,0,0,2025-09-22,2025-10-25,EXPIRED,EXPIRED,0.2,0.8889,False,SBI Card Festive Offers,S,https://www.sbicard.com/sbi-card-en/assets/docs/html/personal/offers/festive/festive-offers/index-page.html
sbicard_festive__2795deeaf3,"Up to Rs 5,000 Instant Discount # at Urban Ladder",SBI Card,,Urban Ladder,FASHION,FLAT_DISCOUNT,DISCOUNT,,,,,5000.0,15000.0,0,0,2025-10-01,2025-10-31,EXPIRED,EXPIRED,0.2,0.8889,False,SBI Card Festive Offers,S,https://www.sbicard.com/sbi-card-en/assets/docs/html/personal/offers/festive/festive-offers/index-page.html
sbicard_festive__629fa48956,5% Cashback at Utkalika,SBI Card,,Utkalika,FASHION,CASHBACK,CASHBACK,,5.0,,,,6000.0,0,0,2025-09-17,2025-10-21,EXPIRED,EXPIRED,0.2,0.8333,False,SBI Card Festive Offers,S,https://www.sbicard.com/sbi-card-en/assets/docs/html/personal/offers/festive/festive-offers/index-page.html
sbicard_festive__3d77d05ce7,"Up to Rs 3,000 Extra Cashback per card account at verma jewellers",SBI Card,,verma jewellers,JEWELLERY,CASHBACK,CASHBACK,,,,,3000.0,40000.0,0,0,2025-09-25,2025-10-02,EXPIRED,EXPIRED,0.2,0.8889,False,SBI Card Festive Offers,S,https://www.sbicard.com/sbi-card-en/assets/docs/html/personal/offers/festive/festive-offers/index-page.html
sbicard_festive__7348006a05,Up to 10% Instant Discount ^ at vivo,SBI Card,,Vivo,ELECTRONICS,EMI_OFFER,DISCOUNT,10.0,,,,15000.0,,0,0,2025-10-01,2025-10-31,EXPIRED,EXPIRED,0.2,0.8889,False,SBI Card Festive Offers,S,https://www.sbicard.com/sbi-card-en/assets/docs/html/personal/offers/festive/festive-offers/index-page.html
sbicard_festive__e7e34b9395,Up to 20% Instant Discount ^ at Voltas,SBI Card,,Voltas,ELECTRONICS,PERCENTAGE_DISCOUNT,DISCOUNT,20.0,,,,8000.0,,0,0,2025-10-01,2025-12-31,EXPIRED,EXPIRED,0.2,0.8333,False,SBI Card Festive Offers,S,https://www.sbicard.com/sbi-card-en/assets/docs/html/personal/offers/festive/festive-offers/index-page.html
sbicard_festive__a15c89e6f1,Up to Rs 20% Instant Discount ^ at Whirlpool,SBI Card,,Whirlpool,ELECTRONICS,EMI_OFFER,DISCOUNT,20.0,,,,10000.0,,0,0,2025-09-20,2025-10-31,EXPIRED,EXPIRED,0.2,0.8889,False,SBI Card Festive Offers,S,https://www.sbicard.com/sbi-card-en/assets/docs/html/personal/offers/festive/festive-offers/index-page.html
gyftr_sbicard__b7ea0f50d6,7% off Lifestyle gift vouchers,SBI Card,,Lifestyle,,VOUCHER_ACCELERATOR,DISCOUNT,7.0,,,,,500.0,0,0,,,UNKNOWN,VERIFIED,0.8533,0.6667,True,SBI Card GyFTR Voucher Catalogue,A,https://www.gyftr.com/sbicard
gyftr_sbicard__1477a5dbaa,2% off Reliance Smart gift vouchers,SBI Card,,Reliance Smart,,VOUCHER_ACCELERATOR,DISCOUNT,2.0,,,,,1000.0,0,0,,,UNKNOWN,VERIFIED,0.8533,0.6667,True,SBI Card GyFTR Voucher Catalogue,A,https://www.gyftr.com/sbicard
gyftr_sbicard__f698b31226,15% off Pronto gift vouchers,SBI Card,,Pronto,,VOUCHER_ACCELERATOR,DISCOUNT,15.0,,,,,250.0,0,0,,,UNKNOWN,VERIFIED,0.8533,0.6667,True,SBI Card GyFTR Voucher Catalogue,A,https://www.gyftr.com/sbicard
gyftr_sbicard__8c4cde1430,2% off HP Pay gift vouchers,SBI Card,,HP Pay,,VOUCHER_ACCELERATOR,DISCOUNT,2.0,,,,,25.0,0,0,,,UNKNOWN,VERIFIED,0.8533,0.6667,True,SBI Card GyFTR Voucher Catalogue,A,https://www.gyftr.com/sbicard
gyftr_sbicard__43871b73a3,2% off Milkbasket gift vouchers,SBI Card,,Milkbasket,,VOUCHER_ACCELERATOR,DISCOUNT,2.0,,,,,1000.0,0,0,,,UNKNOWN,VERIFIED,0.8533,0.6667,True,SBI Card GyFTR Voucher Catalogue,A,https://www.gyftr.com/sbicard
gyftr_sbicard__41663245a4,6% off PANTALOONS gift vouchers,SBI Card,,PANTALOONS,,VOUCHER_ACCELERATOR,DISCOUNT,6.0,,,,,100.0,0,0,,,UNKNOWN,VERIFIED,0.8533,0.6667,True,SBI Card GyFTR Voucher Catalogue,A,https://www.gyftr.com/sbicard
gyftr_sbicard__e06cff8120,12% off DOMINO'S gift vouchers,SBI Card,,DOMINO'S,,VOUCHER_ACCELERATOR,DISCOUNT,12.0,,,,,2500.0,0,0,,,UNKNOWN,VERIFIED,0.8533,0.6667,True,SBI Card GyFTR Voucher Catalogue,A,https://www.gyftr.com/sbicard
gyftr_sbicard__204d5d2f32,3% off BlueStone Diamond gift vouchers,SBI Card,,BlueStone Diamond,,VOUCHER_ACCELERATOR,DISCOUNT,3.0,,,,,1000.0,0,0,,,UNKNOWN,VERIFIED,0.8533,0.6667,True,SBI Card GyFTR Voucher Catalogue,A,https://www.gyftr.com/sbicard
gyftr_sbicard__740d1a5e63,10% off Jockey gift vouchers,SBI Card,,Jockey,,VOUCHER_ACCELERATOR,DISCOUNT,10.0,,,,,100.0,0,0,,,UNKNOWN,VERIFIED,0.8533,0.6667,True,SBI Card GyFTR Voucher Catalogue,A,https://www.gyftr.com/sbicard
gyftr_sbicard__757b964603,25% off Zee5 gift vouchers,SBI Card,,Zee5,,VOUCHER_ACCELERATOR,DISCOUNT,25.0,,,,,799.0,0,0,,,UNKNOWN,VERIFIED,0.8533,0.6667,True,SBI Card GyFTR Voucher Catalogue,A,https://www.gyftr.com/sbicard
gyftr_sbicard__2291a86d79,4% off Spencer's Retail gift vouchers,SBI Card,,Spencer's Retail,,VOUCHER_ACCELERATOR,DISCOUNT,4.0,,,,,250.0,0,0,,,UNKNOWN,VERIFIED,0.8533,0.6667,True,SBI Card GyFTR Voucher Catalogue,A,https://www.gyftr.com/sbicard
gyftr_sbicard__a96921ee04,6% off TATA CLiQ gift vouchers,SBI Card,,TATA CLiQ,,VOUCHER_ACCELERATOR,DISCOUNT,6.0,,,,,3000.0,0,0,,,UNKNOWN,VERIFIED,0.8533,0.6667,True,SBI Card GyFTR Voucher Catalogue,A,https://www.gyftr.com/sbicard
gyftr_sbicard__41e118a2f0,12% off OLA CABS gift vouchers,SBI Card,,OLA CABS,,VOUCHER_ACCELERATOR,DISCOUNT,12.0,,,,,250.0,0,0,,,UNKNOWN,VERIFIED,0.8533,0.6667,True,SBI Card GyFTR Voucher Catalogue,A,https://www.gyftr.com/sbicard
gyftr_sbicard__fd304a24a6,10% off Bata gift vouchers,SBI Card,,Bata,,VOUCHER_ACCELERATOR,DISCOUNT,10.0,,,,,5000.0,0,0,,,UNKNOWN,VERIFIED,0.8533,0.6667,True,SBI Card GyFTR Voucher Catalogue,A,https://www.gyftr.com/sbicard
gyftr_sbicard__f53125b172,9% off MakeMyTrip Hotel e-Pay gift vouchers,SBI Card,,MakeMyTrip Hotel E Pay,,VOUCHER_ACCELERATOR,DISCOUNT,9.0,,,,,2000.0,0,0,,,UNKNOWN,VERIFIED,0.8533,0.6667,True,SBI Card GyFTR Voucher Catalogue,A,https://www.gyftr.com/sbicard
gyftr_sbicard__ad0c51179b,8% off Apollo Pharmacy gift vouchers,SBI Card,,Apollo Pharmacy,,VOUCHER_ACCELERATOR,DISCOUNT,8.0,,,,,2500.0,0,0,,,UNKNOWN,VERIFIED,0.8533,0.6667,True,SBI Card GyFTR Voucher Catalogue,A,https://www.gyftr.com/sbicard
gyftr_sbicard__f478a7640b,13% off PVR INOX gift vouchers,SBI Card,,PVR INOX,,VOUCHER_ACCELERATOR,DISCOUNT,13.0,,,,,1000.0,0,0,,,UNKNOWN,VERIFIED,0.8533,0.6667,True,SBI Card GyFTR Voucher Catalogue,A,https://www.gyftr.com/sbicard
gyftr_sbicard__6e37fa301f,10% off Amazon Prime Membership gift vouchers,SBI Card,,Amazon Prime Membership,,VOUCHER_ACCELERATOR,DISCOUNT,10.0,,,,,799.0,0,0,,,UNKNOWN,VERIFIED,0.8533,0.6667,True,SBI Card GyFTR Voucher Catalogue,A,https://www.gyftr.com/sbicard
gyftr_sbicard__dfd5908494,6% off Klook gift vouchers,SBI Card,,Klook,,VOUCHER_ACCELERATOR,DISCOUNT,6.0,,,,,10000.0,0,0,,,UNKNOWN,VERIFIED,0.8533,0.6667,True,SBI Card GyFTR Voucher Catalogue,A,https://www.gyftr.com/sbicard
gyftr_sbicard__4317b03b51,6% off Allen Solly gift vouchers,SBI Card,,Allen Solly,,VOUCHER_ACCELERATOR,DISCOUNT,6.0,,,,,2000.0,0,0,,,UNKNOWN,VERIFIED,0.8533,0.6667,True,SBI Card GyFTR Voucher Catalogue,A,https://www.gyftr.com/sbicard
gyftr_sbicard__b6491bd73a,7% off Skechers gift vouchers,SBI Card,,Skechers,,VOUCHER_ACCELERATOR,DISCOUNT,7.0,,,,,5000.0,0,0,,,UNKNOWN,VERIFIED,0.8533,0.6667,True,SBI Card GyFTR Voucher Catalogue,A,https://www.gyftr.com/sbicard
gyftr_sbicard__9bd571a60b,10% off Marks & Spencer gift vouchers,SBI Card,,Marks & Spencer,,VOUCHER_ACCELERATOR,DISCOUNT,10.0,,,,,2000.0,0,0,,,UNKNOWN,VERIFIED,0.8533,0.6667,True,SBI Card GyFTR Voucher Catalogue,A,https://www.gyftr.com/sbicard
gyftr_sbicard__7b897862f6,5% off MakeMyTrip e-Pay gift vouchers,SBI Card,,MakeMyTrip E Pay,,VOUCHER_ACCELERATOR,DISCOUNT,5.0,,,,,10000.0,0,0,,,UNKNOWN,VERIFIED,0.8533,0.6667,True,SBI Card GyFTR Voucher Catalogue,A,https://www.gyftr.com/sbicard
gyftr_sbicard__7115086ce5,12% off Bath & Body Works gift vouchers,SBI Card,,Bath & Body Works,,VOUCHER_ACCELERATOR,DISCOUNT,12.0,,,,,2500.0,0,0,,,UNKNOWN,VERIFIED,0.8533,0.6667,True,SBI Card GyFTR Voucher Catalogue,A,https://www.gyftr.com/sbicard
gyftr_sbicard__b28d38ee35,12% off VICTORIA'S SECRET gift vouchers,SBI Card,,VICTORIA'S SECRET,,VOUCHER_ACCELERATOR,DISCOUNT,12.0,,,,,10000.0,0,0,,,UNKNOWN,VERIFIED,0.8533,0.6667,True,SBI Card GyFTR Voucher Catalogue,A,https://www.gyftr.com/sbicard
gyftr_sbicard__0e8f93419d,8% off The Raymond Shop gift vouchers,SBI Card,,The Raymond Shop,,VOUCHER_ACCELERATOR,DISCOUNT,8.0,,,,,5000.0,0,0,,,UNKNOWN,VERIFIED,0.8533,0.6667,True,SBI Card GyFTR Voucher Catalogue,A,https://www.gyftr.com/sbicard
gyftr_sbicard__46c5272b1d,3% off Malabar Diamonds gift vouchers,SBI Card,,Malabar Diamonds,,VOUCHER_ACCELERATOR,DISCOUNT,3.0,,,,,3000.0,0,0,,,UNKNOWN,VERIFIED,0.8533,0.6667,True,SBI Card GyFTR Voucher Catalogue,A,https://www.gyftr.com/sbicard
gyftr_sbicard__647762410c,10% off LENSKART gift vouchers,SBI Card,,Lenskart,FASHION,VOUCHER_ACCELERATOR,DISCOUNT,10.0,,,,,10000.0,0,0,,,UNKNOWN,VERIFIED,0.8644,0.7222,True,SBI Card GyFTR Voucher Catalogue,A,https://www.gyftr.com/sbicard
gyftr_sbicard__0e8dcbe5ef,10% off Elivaas gift vouchers,SBI Card,,Elivaas,,VOUCHER_ACCELERATOR,DISCOUNT,10.0,,,,,1000.0,0,0,,,UNKNOWN,VERIFIED,0.8533,0.6667,True,SBI Card GyFTR Voucher Catalogue,A,https://www.gyftr.com/sbicard
gyftr_sbicard__5cb596f06c,9% off Philips gift vouchers,SBI Card,,Philips,,VOUCHER_ACCELERATOR,DISCOUNT,9.0,,,,,2000.0,0,0,,,UNKNOWN,VERIFIED,0.8533,0.6667,True,SBI Card GyFTR Voucher Catalogue,A,https://www.gyftr.com/sbicard
gyftr_sbicard__d82d722b94,13% off Soulflower gift vouchers,SBI Card,,Soulflower,,VOUCHER_ACCELERATOR,DISCOUNT,13.0,,,,,2000.0,0,0,,,UNKNOWN,VERIFIED,0.8533,0.6667,True,SBI Card GyFTR Voucher Catalogue,A,https://www.gyftr.com/sbicard
gyftr_sbicard__bfef7b8773,3% off Nykaa gift vouchers,SBI Card,,Nykaa,,VOUCHER_ACCELERATOR,DISCOUNT,3.0,,,,,1500.0,0,0,,,UNKNOWN,VERIFIED,0.8533,0.6667,True,SBI Card GyFTR Voucher Catalogue,A,https://www.gyftr.com/sbicard
gyftr_sbicard__be0a3db26e,4% off Reliance Trends gift vouchers,SBI Card,,Reliance Trends,,VOUCHER_ACCELERATOR,DISCOUNT,4.0,,,,,3000.0,0,0,,,UNKNOWN,VERIFIED,0.8533,0.6667,True,SBI Card GyFTR Voucher Catalogue,A,https://www.gyftr.com/sbicard
gyftr_sbicard__bf7acc353a,5% off Mango gift vouchers,SBI Card,,Mango,,VOUCHER_ACCELERATOR,DISCOUNT,5.0,,,,,100.0,0,0,,,UNKNOWN,VERIFIED,0.8533,0.6667,True,SBI Card GyFTR Voucher Catalogue,A,https://www.gyftr.com/sbicard
gyftr_sbicard__5ca050d1cb,11% off Nestasia gift vouchers,SBI Card,,Nestasia,,VOUCHER_ACCELERATOR,DISCOUNT,11.0,,,,,5000.0,0,0,,,UNKNOWN,VERIFIED,0.8533,0.6667,True,SBI Card GyFTR Voucher Catalogue,A,https://www.gyftr.com/sbicard
gyftr_sbicard__bb04704ef3,7% off Taj Experiences gift vouchers,SBI Card,,Taj Experiences,,VOUCHER_ACCELERATOR,DISCOUNT,7.0,,,,,1000.0,0,0,,,UNKNOWN,VERIFIED,0.8533,0.6667,True,SBI Card GyFTR Voucher Catalogue,A,https://www.gyftr.com/sbicard
gyftr_edgerewards__58be4deecb,2% off Myntra gift vouchers,Axis Bank,,Myntra,ECOMMERCE,VOUCHER_ACCELERATOR,DISCOUNT,2.0,,,,,100.0,0,0,,,UNKNOWN,VERIFIED,0.8644,0.7222,True,Axis GIFT EDGE (GyFTR),A,https://www.gyftr.com/edgerewards
gyftr_edgerewards__c95c85c26e,8.5% off Lifestyle gift vouchers,Axis Bank,,Lifestyle,,VOUCHER_ACCELERATOR,DISCOUNT,8.5,,,,,250.0,0,0,,,UNKNOWN,VERIFIED,0.8533,0.6667,True,Axis GIFT EDGE (GyFTR),A,https://www.gyftr.com/edgerewards
gyftr_edgerewards__e935605063,3.5% off Nykaa gift vouchers,Axis Bank,,Nykaa,,VOUCHER_ACCELERATOR,DISCOUNT,3.5,,,,,1000.0,0,0,,,UNKNOWN,VERIFIED,0.8533,0.6667,True,Axis GIFT EDGE (GyFTR),A,https://www.gyftr.com/edgerewards
gyftr_edgerewards__502ea398bb,7.5% off Taj Experiences gift vouchers,Axis Bank,,Taj Experiences,,VOUCHER_ACCELERATOR,DISCOUNT,7.5,,,,,1000.0,0,0,,,UNKNOWN,VERIFIED,0.8533,0.6667,True,Axis GIFT EDGE (GyFTR),A,https://www.gyftr.com/edgerewards
gyftr_edgerewards__f5a56a354b,10% off MakeMyTrip Holiday e-Pay gift vouchers,Axis Bank,,MakeMyTrip Holiday E Pay,,VOUCHER_ACCELERATOR,DISCOUNT,10.0,,,,,1000.0,0,0,,,UNKNOWN,VERIFIED,0.8533,0.6667,True,Axis GIFT EDGE (GyFTR),A,https://www.gyftr.com/edgerewards
gyftr_edgerewards__7ec74eb45d,7.5% off ITC Hotels gift vouchers,Axis Bank,,ITC Hotels,,VOUCHER_ACCELERATOR,DISCOUNT,7.5,,,,,1000.0,0,0,,,UNKNOWN,VERIFIED,0.8533,0.6667,True,Axis GIFT EDGE (GyFTR),A,https://www.gyftr.com/edgerewards
gyftr_edgerewards__27ea58dc13,1% off Vijay Sales gift vouchers,Axis Bank,,Vijay Sales,,VOUCHER_ACCELERATOR,DISCOUNT,1.0,,,,,100.0,0,0,,,UNKNOWN,VERIFIED,0.8533,0.6667,True,Axis GIFT EDGE (GyFTR),A,https://www.gyftr.com/edgerewards
gyftr_edgerewards__4f4a226680,15.5% off Bath & Body Works gift vouchers,Axis Bank,,Bath & Body Works,,VOUCHER_ACCELERATOR,DISCOUNT,15.5,,,,,500.0,0,0,,,UNKNOWN,VERIFIED,0.8533,0.6667,True,Axis GIFT EDGE (GyFTR),A,https://www.gyftr.com/edgerewards
gyftr_edgerewards__a408c731ae,0.5% GyFTR Coins on Decathlon gift vouchers,Axis Bank,,Decathlon,,VOUCHER_ACCELERATOR,DISCOUNT,0.5,,,,,,0,0,,,UNKNOWN,VERIFIED,0.8422,0.6111,True,Axis GIFT EDGE (GyFTR),A,https://www.gyftr.com/edgerewards
gyftr_edgerewards__e5ac9ebde4,0.5% GyFTR Coins on Ikea gift vouchers,Axis Bank,,Ikea,,VOUCHER_ACCELERATOR,DISCOUNT,0.5,,,,,,0,0,,,UNKNOWN,VERIFIED,0.8422,0.6111,True,Axis GIFT EDGE (GyFTR),A,https://www.gyftr.com/edgerewards
gyftr_edgerewards__7456af99cf,0.5% GyFTR Coins on UBER gift vouchers,Axis Bank,,UBER,,VOUCHER_ACCELERATOR,DISCOUNT,0.5,,,,,,0,0,,,UNKNOWN,VERIFIED,0.8422,0.6111,True,Axis GIFT EDGE (GyFTR),A,https://www.gyftr.com/edgerewards
gyftr_edgerewards__e577a5ef7f,0.5% GyFTR Coins on BigBasket gift vouchers,Axis Bank,,BigBasket,,VOUCHER_ACCELERATOR,DISCOUNT,0.5,,,,,,0,0,,,UNKNOWN,VERIFIED,0.8422,0.6111,True,Axis GIFT EDGE (GyFTR),A,https://www.gyftr.com/edgerewards
gyftr_edgerewards__ab6af7a541,0.5% GyFTR Coins on Amazon gift vouchers,Axis Bank,,Amazon,ECOMMERCE,VOUCHER_ACCELERATOR,DISCOUNT,0.5,,,,,,0,0,,,UNKNOWN,VERIFIED,0.8533,0.6667,True,Axis GIFT EDGE (GyFTR),A,https://www.gyftr.com/edgerewards
gyftr_edgerewards__0fef80b171,0.5% GyFTR Coins on Amazon Shopping Voucher gift vouchers,Axis Bank,,Amazon,ECOMMERCE,VOUCHER_ACCELERATOR,DISCOUNT,0.5,,,,,,0,0,,,UNKNOWN,VERIFIED,0.8533,0.6667,True,Axis GIFT EDGE (GyFTR),A,https://www.gyftr.com/edgerewards
gyftr_edgerewards__950ec89fa7,0.5% GyFTR Coins on LENSKART gift vouchers,Axis Bank,,Lenskart,FASHION,VOUCHER_ACCELERATOR,DISCOUNT,0.5,,,,,,0,0,,,UNKNOWN,VERIFIED,0.8533,0.6667,True,Axis GIFT EDGE (GyFTR),A,https://www.gyftr.com/edgerewards
gyftr_edgerewards__33bd9f3362,0.5% GyFTR Coins on AJIO gift vouchers,Axis Bank,,AJIO,,VOUCHER_ACCELERATOR,DISCOUNT,0.5,,,,,,0,0,,,UNKNOWN,VERIFIED,0.8422,0.6111,True,Axis GIFT EDGE (GyFTR),A,https://www.gyftr.com/edgerewards
gyftr_edgerewards__2ceb80e5f9,0.5% GyFTR Coins on PANTALOONS gift vouchers,Axis Bank,,PANTALOONS,,VOUCHER_ACCELERATOR,DISCOUNT,0.5,,,,,,0,0,,,UNKNOWN,VERIFIED,0.8422,0.6111,True,Axis GIFT EDGE (GyFTR),A,https://www.gyftr.com/edgerewards
gyftr_edgerewards__a37194715d,0.5% GyFTR Coins on Titan gift vouchers,Axis Bank,,Titan,,VOUCHER_ACCELERATOR,DISCOUNT,0.5,,,,,,0,0,,,UNKNOWN,VERIFIED,0.8422,0.6111,True,Axis GIFT EDGE (GyFTR),A,https://www.gyftr.com/edgerewards
smartbuy_terms__8bc2aa0f2e,Up to 5X reward points on SmartBuy for HDFC Bank Infinia,HDFC Bank,,HDFC SmartBuy,ECOMMERCE,REWARD_MULTIPLIER,REWARD,,,5.0,,,,1,1,,,UNKNOWN,CONFLICTED,0.35,0.7222,True,HDFC SmartBuy Terms (GyFTR-powered),S,https://smartbuy.myimaginestore.com/terms-conditions
smartbuy_terms__fa6244add7,Up to 3X reward points on SmartBuy for HDFC Bank Diners Card,HDFC Bank,,HDFC SmartBuy,ECOMMERCE,REWARD_MULTIPLIER,REWARD,,,3.0,,,,0,2,,,UNKNOWN,VERIFIED,0.9333,0.6667,True,HDFC SmartBuy Terms (GyFTR-powered),S,https://smartbuy.myimaginestore.com/terms-conditions
smartbuy_terms__a3f660996c,5% cashback on SmartBuy for other HDFC Bank Credit cards,HDFC Bank,,HDFC SmartBuy,ECOMMERCE,CASHBACK,CASHBACK,,5.0,,,1000.0,,0,2,,,UNKNOWN,VERIFIED,0.9444,0.7222,True,HDFC SmartBuy Terms (GyFTR-powered),S,https://smartbuy.myimaginestore.com/terms-conditions
axis_edge_rewards__4cb2d7910e,Redeem EDGE Reward points for Taj Experiences Gift Voucher INR 3000,Axis Bank,,Taj Experiences Gift Voucher INR 3000,,PARTNER_LOYALTY_TRANSFER,REWARD,,,,,,,0,0,,,UNKNOWN,VERIFIED,0.9111,0.5556,True,Axis EDGE Rewards,S,https://edgerewards.axis.bank.in/lms/
axis_edge_rewards__f54da6d0e8,Redeem EDGE Reward points for Arcadio Thunder Bluetooth Speaker,Axis Bank,,Arcadio Thunder Bluetooth Speaker,,PARTNER_LOYALTY_TRANSFER,REWARD,,,,,,,0,0,,,UNKNOWN,VERIFIED,0.9111,0.5556,True,Axis EDGE Rewards,S,https://edgerewards.axis.bank.in/lms/
axis_edge_rewards__23d3c75b59,Redeem EDGE Reward points for Noise Air Buds Mini,Axis Bank,,Noise Air Buds Mini,,PARTNER_LOYALTY_TRANSFER,REWARD,,,,,,,0,0,,,UNKNOWN,VERIFIED,0.9111,0.5556,True,Axis EDGE Rewards,S,https://edgerewards.axis.bank.in/lms/
axis_edge_rewards__d352ddaf39,Redeem EDGE Reward points for Netmeds Rs. 500,Axis Bank,,Netmeds Rs. 500,,PARTNER_LOYALTY_TRANSFER,REWARD,,,,,,,0,0,,,UNKNOWN,VERIFIED,0.9111,0.5556,True,Axis EDGE Rewards,S,https://edgerewards.axis.bank.in/lms/
axis_edge_rewards__4e64787abc,Redeem EDGE Reward points for Fab India Rs. 2000,Axis Bank,,Fab India Rs. 2000,,PARTNER_LOYALTY_TRANSFER,REWARD,,,,,,,0,0,,,UNKNOWN,VERIFIED,0.9111,0.5556,True,Axis EDGE Rewards,S,https://edgerewards.axis.bank.in/lms/
axis_edge_rewards__85b398de43,Redeem EDGE Reward points for Fab India Rs. 5000,Axis Bank,,Fab India Rs. 5000,,PARTNER_LOYALTY_TRANSFER,REWARD,,,,,,,0,0,,,UNKNOWN,VERIFIED,0.9111,0.5556,True,Axis EDGE Rewards,S,https://edgerewards.axis.bank.in/lms/
axis_edge_rewards__0e37bd7ad2,Redeem EDGE Reward points for Fab India Rs. 500,Axis Bank,,Fab India Rs. 500,,PARTNER_LOYALTY_TRANSFER,REWARD,,,,,,,0,0,,,UNKNOWN,VERIFIED,0.9111,0.5556,True,Axis EDGE Rewards,S,https://edgerewards.axis.bank.in/lms/
axis_edge_rewards__08b6941154,Redeem EDGE Reward points for Westside Gift Voucher INR 1000,Axis Bank,,Westside Gift Voucher INR 1000,,PARTNER_LOYALTY_TRANSFER,REWARD,,,,,,,0,0,,,UNKNOWN,VERIFIED,0.9111,0.5556,True,Axis EDGE Rewards,S,https://edgerewards.axis.bank.in/lms/
axis_edge_rewards__de988ef62a,Redeem EDGE Reward points for Westside Gift Voucher INR 2000,Axis Bank,,Westside Gift Voucher INR 2000,,PARTNER_LOYALTY_TRANSFER,REWARD,,,,,,,0,0,,,UNKNOWN,VERIFIED,0.9111,0.5556,True,Axis EDGE Rewards,S,https://edgerewards.axis.bank.in/lms/
axis_edge_rewards__df60a8a9a5,Redeem EDGE Reward points for Nykaa Fashion Gift Voucher INR 500,Axis Bank,,Nykaa Fashion Gift Voucher INR 500,,PARTNER_LOYALTY_TRANSFER,REWARD,,,,,,,0,0,,,UNKNOWN,VERIFIED,0.9111,0.5556,True,Axis EDGE Rewards,S,https://edgerewards.axis.bank.in/lms/
axis_edge_rewards__77cc92449a,Redeem EDGE Reward points for Nykaa Gift Voucher INR 1000,Axis Bank,,Nykaa Gift Voucher INR 1000,,PARTNER_LOYALTY_TRANSFER,REWARD,,,,,,,0,0,,,UNKNOWN,VERIFIED,0.9111,0.5556,True,Axis EDGE Rewards,S,https://edgerewards.axis.bank.in/lms/
axis_edge_rewards__ebbc990548,Redeem EDGE Reward points for Nykaa Gift Voucher INR 500,Axis Bank,,Nykaa Gift Voucher INR 500,,PARTNER_LOYALTY_TRANSFER,REWARD,,,,,,,0,0,,,UNKNOWN,VERIFIED,0.9111,0.5556,True,Axis EDGE Rewards,S,https://edgerewards.axis.bank.in/lms/
axis_edge_rewards__874d5995a4,Redeem EDGE Reward points for Nykaa Fashion Gift Voucher INR 1000,Axis Bank,,Nykaa Fashion Gift Voucher INR 1000,,PARTNER_LOYALTY_TRANSFER,REWARD,,,,,,,0,0,,,UNKNOWN,VERIFIED,0.9111,0.5556,True,Axis EDGE Rewards,S,https://edgerewards.axis.bank.in/lms/
axis_edge_rewards__7c92bc3ec9,Redeem EDGE Reward points for Hunkemoller Gift Voucher INR 1000,Axis Bank,,Hunkemoller Gift Voucher INR 1000,,PARTNER_LOYALTY_TRANSFER,REWARD,,,,,,,0,0,,,UNKNOWN,VERIFIED,0.9111,0.5556,True,Axis EDGE Rewards,S,https://edgerewards.axis.bank.in/lms/
axis_edge_rewards__1badb12461,Redeem EDGE Reward points for Nykaa Man Gift Voucher INR 1000,Axis Bank,,Nykaa Man Gift Voucher INR 1000,,PARTNER_LOYALTY_TRANSFER,REWARD,,,,,,,0,0,,,UNKNOWN,VERIFIED,0.9111,0.5556,True,Axis EDGE Rewards,S,https://edgerewards.axis.bank.in/lms/
axis_edge_rewards__950c9dd672,Redeem EDGE Reward points for Nykaa Man Gift Voucher INR 500,Axis Bank,,Nykaa Man Gift Voucher INR 500,,PARTNER_LOYALTY_TRANSFER,REWARD,,,,,,,0,0,,,UNKNOWN,VERIFIED,0.9111,0.5556,True,Axis EDGE Rewards,S,https://edgerewards.axis.bank.in/lms/
axis_edge_rewards__870281fc05,Redeem EDGE Reward points for White Crow Gift Voucher INR 1000,Axis Bank,,White Crow Gift Voucher INR 1000,,PARTNER_LOYALTY_TRANSFER,REWARD,,,,,,,0,0,,,UNKNOWN,VERIFIED,0.9111,0.5556,True,Axis EDGE Rewards,S,https://edgerewards.axis.bank.in/lms/
axis_edge_rewards__ff8253c146,Redeem EDGE Reward points for Motherland 2 fold Umbrella Black,Axis Bank,,Motherland 2 fold Umbrella Black,,PARTNER_LOYALTY_TRANSFER,REWARD,,,,,,,0,0,,,UNKNOWN,VERIFIED,0.9111,0.5556,True,Axis EDGE Rewards,S,https://edgerewards.axis.bank.in/lms/
axis_edge_rewards__d334f08b7d,Redeem EDGE Reward points for LAFORTE 1000ml Copper Water Bottle with Leak Proof Lid,Axis Bank,,LAFORTE 1000ml Copper Water Bottle with Leak Proof Lid,,PARTNER_LOYALTY_TRANSFER,REWARD,,,,,,,0,0,,,UNKNOWN,VERIFIED,0.9111,0.5556,True,Axis EDGE Rewards,S,https://edgerewards.axis.bank.in/lms/
axis_edge_rewards__931026d2d0,Redeem EDGE Reward points for LAFORTE Leak Proof 1000ml Lunch Box,Axis Bank,,LAFORTE Leak Proof 1000ml Lunch Box,,PARTNER_LOYALTY_TRANSFER,REWARD,,,,,,,0,0,,,UNKNOWN,VERIFIED,0.9111,0.5556,True,Axis EDGE Rewards,S,https://edgerewards.axis.bank.in/lms/
axis_edge_rewards__c815ca5294,Redeem EDGE Reward points for Harissons Delta 39 L Polyester Black 15.6 Inch Laptop Backpack,Axis Bank,,Harissons Delta 39 L Polyester Black 15.6 Inch Laptop Backpack,,PARTNER_LOYALTY_TRANSFER,REWARD,,,,,,,0,0,,,UNKNOWN,VERIFIED,0.9111,0.5556,True,Axis EDGE Rewards,S,https://edgerewards.axis.bank.in/lms/
axis_edge_rewards__4ee2deac29,Redeem EDGE Reward points for Winners Ornate Globe 1010,Axis Bank,,Winners Ornate Globe 1010,,PARTNER_LOYALTY_TRANSFER,REWARD,,,,,,,0,0,,,UNKNOWN,VERIFIED,0.9111,0.5556,True,Axis EDGE Rewards,S,https://edgerewards.axis.bank.in/lms/
axis_edge_rewards__0e58a92b37,Redeem EDGE Reward points for Smartivity Infinity Calendar Organiser,Axis Bank,,Smartivity Infinity Calendar Organiser,,PARTNER_LOYALTY_TRANSFER,REWARD,,,,,,,0,0,,,UNKNOWN,VERIFIED,0.9111,0.5556,True,Axis EDGE Rewards,S,https://edgerewards.axis.bank.in/lms/
axis_edge_rewards__31dcbb4da1,Redeem EDGE Reward points for Stationary Pouch Set,Axis Bank,,Stationary Pouch Set,,PARTNER_LOYALTY_TRANSFER,REWARD,,,,,,,0,0,,,UNKNOWN,VERIFIED,0.9111,0.5556,True,Axis EDGE Rewards,S,https://edgerewards.axis.bank.in/lms/
axis_edge_rewards__b9b461f12a,Redeem EDGE Reward points for Portronics Ruffpad 8.5M,Axis Bank,,Portronics Ruffpad 8.5M,,PARTNER_LOYALTY_TRANSFER,REWARD,,,,,,,0,0,,,UNKNOWN,VERIFIED,0.9111,0.5556,True,Axis EDGE Rewards,S,https://edgerewards.axis.bank.in/lms/
axis_edge_rewards__3a84a8b629,Redeem EDGE Reward points for Borosil Hydra Trek Vacuum Insulated Bottle 700ml,Axis Bank,,Borosil Hydra Trek Vacuum Insulated Bottle 700ml,,PARTNER_LOYALTY_TRANSFER,REWARD,,,,,,,0,0,,,UNKNOWN,VERIFIED,0.9111,0.5556,True,Axis EDGE Rewards,S,https://edgerewards.axis.bank.in/lms/
axis_edge_rewards__0f57ff90d5,Redeem EDGE Reward points for Philips Cosmos 5W Rechargeable Table Lamp with Pen Stand,Axis Bank,,Philips Cosmos 5W Rechargeable Table Lamp with Pen Stand,,PARTNER_LOYALTY_TRANSFER,REWARD,,,,,,,0,0,,,UNKNOWN,VERIFIED,0.9111,0.5556,True,Axis EDGE Rewards,S,https://edgerewards.axis.bank.in/lms/
axis_edge_rewards__069ecb0a51,Redeem EDGE Reward points for PORTRONICS Luxcell MagClick 10K 15W 10000mAh Wireless Power Bank,Axis Bank,,PORTRONICS Luxcell MagClick 10K 15W 10000mAh Wireless Power Bank,,PARTNER_LOYALTY_TRANSFER,REWARD,,,,,,,0,0,,,UNKNOWN,VERIFIED,0.9111,0.5556,True,Axis EDGE Rewards,S,https://edgerewards.axis.bank.in/lms/
axis_edge_rewards__d817111873,Redeem EDGE Reward points for Noise Buds VS102 Truly Wireless Bluetooth Headset,Axis Bank,,Noise Buds VS102 Truly Wireless Bluetooth Headset,,PARTNER_LOYALTY_TRANSFER,REWARD,,,,,,,0,0,,,UNKNOWN,VERIFIED,0.9111,0.5556,True,Axis EDGE Rewards,S,https://edgerewards.axis.bank.in/lms/
axis_edge_rewards__d31ca251fd,Redeem EDGE Reward points for Noise Air Buds Mini TWS Earbuds,Axis Bank,,Noise Air Buds Mini TWS Earbuds,,PARTNER_LOYALTY_TRANSFER,REWARD,,,,,,,0,0,,,UNKNOWN,VERIFIED,0.9111,0.5556,True,Axis EDGE Rewards,S,https://edgerewards.axis.bank.in/lms/
axis_edge_rewards__867b56ef9f,Redeem EDGE Reward points for Fingers - Sound Glitz - Burgundy + Gold Wired Earphones,Axis Bank,,Fingers Sound Glitz Burgundy + Gold Wired Earphones,,PARTNER_LOYALTY_TRANSFER,REWARD,,,,,,,0,0,,,UNKNOWN,VERIFIED,0.9111,0.5556,True,Axis EDGE Rewards,S,https://edgerewards.axis.bank.in/lms/
axis_edge_rewards__2cd8ebfa4f,Redeem EDGE Reward points for Logitech H111 Stereo Headset,Axis Bank,,Logitech H111 Stereo Headset,,PARTNER_LOYALTY_TRANSFER,REWARD,,,,,,,0,0,,,UNKNOWN,VERIFIED,0.9111,0.5556,True,Axis EDGE Rewards,S,https://edgerewards.axis.bank.in/lms/
axis_edge_rewards__31e41084bb,Redeem EDGE Reward points for Apple AirPods (3rd generation) MME73HN/A,Axis Bank,,Apple AirPods (3rd generation) MME73HN/A,,PARTNER_LOYALTY_TRANSFER,REWARD,,,,,,,0,0,,,UNKNOWN,VERIFIED,0.9111,0.5556,True,Axis EDGE Rewards,S,https://edgerewards.axis.bank.in/lms/
axis_edge_rewards__b4e7c4e2bd,Redeem EDGE Reward points for Future World Gift Voucher INR 1000,Axis Bank,,Future World Gift Voucher INR 1000,,PARTNER_LOYALTY_TRANSFER,REWARD,,,,,,,0,0,,,UNKNOWN,VERIFIED,0.9111,0.5556,True,Axis EDGE Rewards,S,https://edgerewards.axis.bank.in/lms/
axis_edge_rewards__d353187ac6,Redeem EDGE Reward points for Saregama Carvaan Mini 2.0 Music Player Telugu,Axis Bank,,Saregama Carvaan Mini 2.0 Music Player Telugu,,PARTNER_LOYALTY_TRANSFER,REWARD,,,,,,,0,0,,,UNKNOWN,VERIFIED,0.9111,0.5556,True,Axis EDGE Rewards,S,https://edgerewards.axis.bank.in/lms/
axis_edge_rewards__350644178a,Redeem EDGE Reward points for PORTRONICS MPORT 31C 4-IN-1 USB HUB (TYPE C TO 4 USB-A PORTS),Axis Bank,,PORTRONICS MPORT 31C 4 IN 1 USB HUB (TYPE C TO 4 USB A PORTS),,PARTNER_LOYALTY_TRANSFER,REWARD,,,,,,,0,0,,,UNKNOWN,VERIFIED,0.9111,0.5556,True,Axis EDGE Rewards,S,https://edgerewards.axis.bank.in/lms/
axis_edge_rewards__387822ca77,Redeem EDGE Reward points for Wildcraft Laptop Sleeve Corp,Axis Bank,,Wildcraft Laptop Sleeve Corp,,PARTNER_LOYALTY_TRANSFER,REWARD,,,,,,,0,0,,,UNKNOWN,VERIFIED,0.9111,0.5556,True,Axis EDGE Rewards,S,https://edgerewards.axis.bank.in/lms/
axis_edge_rewards__85f6bb6920,Redeem EDGE Reward points for Signoraware Hammered Bottle (With 4 Glasses) - 2459,Axis Bank,,Signoraware Hammered Bottle (With 4 Glasses) 2459,,PARTNER_LOYALTY_TRANSFER,REWARD,,,,,,,0,0,,,UNKNOWN,VERIFIED,0.9111,0.5556,True,Axis EDGE Rewards,S,https://edgerewards.axis.bank.in/lms/
axis_edge_rewards__94c7ddc5ef,Redeem EDGE Reward points for Morphy Richards 2 In 1 Blendmaster 400W Juicer Mixer Grinder,Axis Bank,,Morphy Richards 2 In 1 Blendmaster 400W Juicer Mixer Grinder,,PARTNER_LOYALTY_TRANSFER,REWARD,,,,,,,0,0,,,UNKNOWN,VERIFIED,0.9111,0.5556,True,Axis EDGE Rewards,S,https://edgerewards.axis.bank.in/lms/
axis_edge_rewards__6724306768,Redeem EDGE Reward points for BOSCH MGM8842DIN Blender TrueMixx Pro 1000W 4 Jars Mixer Grinder,Axis Bank,,BOSCH MGM8842DIN Blender TrueMixx Pro 1000W 4 Jars Mixer Grinder,,PARTNER_LOYALTY_TRANSFER,REWARD,,,,,,,0,0,,,UNKNOWN,VERIFIED,0.9111,0.5556,True,Axis EDGE Rewards,S,https://edgerewards.axis.bank.in/lms/
axis_edge_rewards__029d68c1b3,Redeem EDGE Reward points for Welspun Neo Soft Double Bedsheet Set,Axis Bank,,Welspun Neo Soft Double Bedsheet Set,,PARTNER_LOYALTY_TRANSFER,REWARD,,,,,,,0,0,,,UNKNOWN,VERIFIED,0.9111,0.5556,True,Axis EDGE Rewards,S,https://edgerewards.axis.bank.in/lms/
axis_edge_rewards__574548bb48,Redeem EDGE Reward points for morphy richards MINI 300-Watts DC Motor Chopper,Axis Bank,,Morphy Richards MINI 300 Watts DC Motor Chopper,,PARTNER_LOYALTY_TRANSFER,REWARD,,,,,,,0,0,,,UNKNOWN,VERIFIED,0.9111,0.5556,True,Axis EDGE Rewards,S,https://edgerewards.axis.bank.in/lms/
axis_edge_rewards__8258e0ca3a,Redeem EDGE Reward points for Welspun Classic Double Bed Dohar,Axis Bank,,Welspun Classic Double Bed Dohar,,PARTNER_LOYALTY_TRANSFER,REWARD,,,,,,,0,0,,,UNKNOWN,VERIFIED,0.9111,0.5556,True,Axis EDGE Rewards,S,https://edgerewards.axis.bank.in/lms/
axis_edge_rewards__55e715b994,Redeem EDGE Reward points for Honeywell Air Touch P2 Air Purifier (HC000021/AP/P2),Axis Bank,,Honeywell Air Touch P2 Air Purifier (HC000021/AP/P2),,PARTNER_LOYALTY_TRANSFER,REWARD,,,,,,,0,0,,,UNKNOWN,VERIFIED,0.9111,0.5556,True,Axis EDGE Rewards,S,https://edgerewards.axis.bank.in/lms/
axis_edge_rewards__3a6d137494,Redeem EDGE Reward points for morphy richards Kenzo Slow Cold Press Juicer 150W,Axis Bank,,morphy richards Kenzo Slow Cold Press Juicer 150W,,PARTNER_LOYALTY_TRANSFER,REWARD,,,,,,,0,0,,,UNKNOWN,VERIFIED,0.9111,0.5556,True,Axis EDGE Rewards,S,https://edgerewards.axis.bank.in/lms/
axis_edge_rewards__9fde67cabd,Redeem EDGE Reward points for morphy richards 29RCAD Digital OTG with Air Fryer,Axis Bank,,morphy richards 29RCAD Digital OTG with Air Fryer,,PARTNER_LOYALTY_TRANSFER,REWARD,,,,,,,0,0,,,UNKNOWN,VERIFIED,0.9111,0.5556,True,Axis EDGE Rewards,S,https://edgerewards.axis.bank.in/lms/
axis_edge_rewards__ef6fd408cf,Redeem EDGE Reward points for BAJAJ Ninja Series Quartz 750W 3Jars Mixer Grinder,Axis Bank,,BAJAJ Ninja Series Quartz 750W 3Jars Mixer Grinder,,PARTNER_LOYALTY_TRANSFER,REWARD,,,,,,,0,0,,,UNKNOWN,VERIFIED,0.9111,0.5556,True,Axis EDGE Rewards,S,https://edgerewards.axis.bank.in/lms/
axis_edge_rewards__c0274bbc39,Redeem EDGE Reward points for White Crow Gift Voucher INR 10000,Axis Bank,,White Crow Gift Voucher INR 10000,,PARTNER_LOYALTY_TRANSFER,REWARD,,,,,,,0,0,,,UNKNOWN,VERIFIED,0.9111,0.5556,True,Axis EDGE Rewards,S,https://edgerewards.axis.bank.in/lms/
axis_edge_rewards__6cce07ca66,Redeem EDGE Reward points for Micelo Martin Sunglasses - MM1001C5,Axis Bank,,Micelo Martin Sunglasses MM1001C5,,PARTNER_LOYALTY_TRANSFER,REWARD,,,,,,,0,0,,,UNKNOWN,VERIFIED,0.9111,0.5556,True,Axis EDGE Rewards,S,https://edgerewards.axis.bank.in/lms/
axis_edge_rewards__76ef39a144,Redeem EDGE Reward points for Fitbit Inspire 3 Health and Fitness Tracker,Axis Bank,,Fitbit Inspire 3 Health and Fitness Tracker,,PARTNER_LOYALTY_TRANSFER,REWARD,,,,,,,0,0,,,UNKNOWN,VERIFIED,0.9111,0.5556,True,Axis EDGE Rewards,S,https://edgerewards.axis.bank.in/lms/
axis_edge_rewards__8d441fb7ac,Redeem EDGE Reward points for White Crow Gift Voucher INR 2000,Axis Bank,,White Crow Gift Voucher INR 2000,,PARTNER_LOYALTY_TRANSFER,REWARD,,,,,,,0,0,,,UNKNOWN,VERIFIED,0.9111,0.5556,True,Axis EDGE Rewards,S,https://edgerewards.axis.bank.in/lms/
axis_edge_rewards__46272424bc,Redeem EDGE Reward points for Hunkemoller Gift Voucher INR 5000,Axis Bank,,Hunkemoller Gift Voucher INR 5000,,PARTNER_LOYALTY_TRANSFER,REWARD,,,,,,,0,0,,,UNKNOWN,VERIFIED,0.9111,0.5556,True,Axis EDGE Rewards,S,https://edgerewards.axis.bank.in/lms/
axis_edge_rewards__e77dcacfb0,Redeem EDGE Reward points for Qubo WF-HHF01 Go Audio Sunglasses,Axis Bank,,Qubo WF HHF01 Go Audio Sunglasses,,PARTNER_LOYALTY_TRANSFER,REWARD,,,,,,,0,0,,,UNKNOWN,VERIFIED,0.9111,0.5556,True,Axis EDGE Rewards,S,https://edgerewards.axis.bank.in/lms/
axis_edge_rewards__509831e10f,Redeem EDGE Reward points for Hunkemoller Gift Voucher INR 2000,Axis Bank,,Hunkemoller Gift Voucher INR 2000,,PARTNER_LOYALTY_TRANSFER,REWARD,,,,,,,0,0,,,UNKNOWN,VERIFIED,0.9111,0.5556,True,Axis EDGE Rewards,S,https://edgerewards.axis.bank.in/lms/
axis_edge_rewards__50f9c18a39,Redeem EDGE Reward points for TZARO Burgundy Colored Genuine Leather Belt - IQZPRLTHBLT042,Axis Bank,,TZARO Burgundy Colored Genuine Leather Belt IQZPRLTHBLT042,,PARTNER_LOYALTY_TRANSFER,REWARD,,,,,,,0,0,,,UNKNOWN,VERIFIED,0.9111,0.5556,True,Axis EDGE Rewards,S,https://edgerewards.axis.bank.in/lms/
axis_edge_rewards__8f44b5e592,Redeem EDGE Reward points for FUNSKOOL MY FIRST EASEL 99164,Axis Bank,,FUNSKOOL MY FIRST EASEL 99164,,PARTNER_LOYALTY_TRANSFER,REWARD,,,,,,,0,0,,,UNKNOWN,VERIFIED,0.9111,0.5556,True,Axis EDGE Rewards,S,https://edgerewards.axis.bank.in/lms/
axis_edge_rewards__d42acb1aa9,Redeem EDGE Reward points for FUNSKOOL WEAVING FACTORY 42134,Axis Bank,,FUNSKOOL WEAVING FACTORY 42134,,PARTNER_LOYALTY_TRANSFER,REWARD,,,,,,,0,0,,,UNKNOWN,VERIFIED,0.9111,0.5556,True,Axis EDGE Rewards,S,https://edgerewards.axis.bank.in/lms/
axis_edge_rewards__286368c12f,Redeem EDGE Reward points for Funskool Alphy Elephant 96447,Axis Bank,,Funskool Alphy Elephant 96447,,PARTNER_LOYALTY_TRANSFER,REWARD,,,,,,,0,0,,,UNKNOWN,VERIFIED,0.9111,0.5556,True,Axis EDGE Rewards,S,https://edgerewards.axis.bank.in/lms/
axis_edge_rewards__66f513eb46,Redeem EDGE Reward points for Funskool Complete Kitchen Set 97856,Axis Bank,,Funskool Complete Kitchen Set 97856,,PARTNER_LOYALTY_TRANSFER,REWARD,,,,,,,0,0,,,UNKNOWN,VERIFIED,0.9111,0.5556,True,Axis EDGE Rewards,S,https://edgerewards.axis.bank.in/lms/
axis_edge_rewards__bbe9e63bad,Redeem EDGE Reward points for Funskool Musical Snail -51057,Axis Bank,,Funskool Musical Snail 51057,,PARTNER_LOYALTY_TRANSFER,REWARD,,,,,,,0,0,,,UNKNOWN,VERIFIED,0.9111,0.5556,True,Axis EDGE Rewards,S,https://edgerewards.axis.bank.in/lms/
axis_edge_rewards__b6fe8db411,Redeem EDGE Reward points for Funskool Activity Walker 99181,Axis Bank,,Funskool Activity Walker 99181,,PARTNER_LOYALTY_TRANSFER,REWARD,,,,,,,0,0,,,UNKNOWN,VERIFIED,0.9111,0.5556,True,Axis EDGE Rewards,S,https://edgerewards.axis.bank.in/lms/
axis_edge_rewards__8637ccc15f,Redeem EDGE Reward points for Peacock SB Castle Set Junior - 2120,Axis Bank,,Peacock SB Castle Set Junior 2120,,PARTNER_LOYALTY_TRANSFER,REWARD,,,,,,,0,0,,,UNKNOWN,VERIFIED,0.9111,0.5556,True,Axis EDGE Rewards,S,https://edgerewards.axis.bank.in/lms/
axis_edge_rewards__18bf2bc73b,Redeem EDGE Reward points for Peacock SB My First Architect - 110,Axis Bank,,Peacock SB My First Architect 110,,PARTNER_LOYALTY_TRANSFER,REWARD,,,,,,,0,0,,,UNKNOWN,VERIFIED,0.9111,0.5556,True,Axis EDGE Rewards,S,https://edgerewards.axis.bank.in/lms/
axis_edge_rewards__b1ec84b971,Redeem EDGE Reward points for Zephyr Metal Mechanix Motor Bikes,Axis Bank,,Zephyr Metal Mechanix Motor Bikes,,PARTNER_LOYALTY_TRANSFER,REWARD,,,,,,,0,0,,,UNKNOWN,VERIFIED,0.9111,0.5556,True,Axis EDGE Rewards,S,https://edgerewards.axis.bank.in/lms/
axis_edge_rewards__5c80a79bc5,Redeem EDGE Reward points for Magnetic Dart Board,Axis Bank,,Magnetic Dart Board,,PARTNER_LOYALTY_TRANSFER,REWARD,,,,,,,0,0,,,UNKNOWN,VERIFIED,0.9111,0.5556,True,Axis EDGE Rewards,S,https://edgerewards.axis.bank.in/lms/
axis_edge_rewards__4e05769868,Redeem EDGE Reward points for Cleartrip Rs. 2000,Axis Bank,,Cleartrip Rs. 2000,,PARTNER_LOYALTY_TRANSFER,REWARD,,,,,,,0,0,,,UNKNOWN,VERIFIED,0.9111,0.5556,True,Axis EDGE Rewards,S,https://edgerewards.axis.bank.in/lms/
axis_edge_rewards__3932ae4763,Redeem EDGE Reward points for UBER Rs. 500,Axis Bank,,UBER Rs. 500,,PARTNER_LOYALTY_TRANSFER,REWARD,,,,,,,0,0,,,UNKNOWN,VERIFIED,0.9111,0.5556,True,Axis EDGE Rewards,S,https://edgerewards.axis.bank.in/lms/
axis_edge_rewards__1ca64b4736,Redeem EDGE Reward points for UBER Rs. 1000,Axis Bank,,UBER Rs. 1000,,PARTNER_LOYALTY_TRANSFER,REWARD,,,,,,,0,0,,,UNKNOWN,VERIFIED,0.9111,0.5556,True,Axis EDGE Rewards,S,https://edgerewards.axis.bank.in/lms/
axis_edge_rewards__e77725f2ff,Redeem EDGE Reward points for Philips Tesni 5W Rechargeable Emergency Light,Axis Bank,,Philips Tesni 5W Rechargeable Emergency Light,,PARTNER_LOYALTY_TRANSFER,REWARD,,,,,,,0,0,,,UNKNOWN,VERIFIED,0.9111,0.5556,True,Axis EDGE Rewards,S,https://edgerewards.axis.bank.in/lms/
axis_edge_rewards__1258e7381f,Redeem EDGE Reward points for Xiaomi Electric Toothbrush T100,Axis Bank,,Xiaomi Electric Toothbrush T100,,PARTNER_LOYALTY_TRANSFER,REWARD,,,,,,,0,0,,,UNKNOWN,VERIFIED,0.9111,0.5556,True,Axis EDGE Rewards,S,https://edgerewards.axis.bank.in/lms/
axis_edge_rewards__a6c4647bc5,Redeem EDGE Reward points for Portronics Ruffpad Calc Mini,Axis Bank,,Portronics Ruffpad Calc Mini,,PARTNER_LOYALTY_TRANSFER,REWARD,,,,,,,0,0,,,UNKNOWN,VERIFIED,0.9111,0.5556,True,Axis EDGE Rewards,S,https://edgerewards.axis.bank.in/lms/
axis_edge_rewards__a6019b5307,Redeem EDGE Reward points for Xech Digi fold - Calculator,Axis Bank,,Xech Digi Fold Calculator,,PARTNER_LOYALTY_TRANSFER,REWARD,,,,,,,0,0,,,UNKNOWN,VERIFIED,0.9111,0.5556,True,Axis EDGE Rewards,S,https://edgerewards.axis.bank.in/lms/
axis_edge_rewards__4f578d5925,Redeem EDGE Reward points for Portronics My Buddy Plus Laptop Stand,Axis Bank,,Portronics My Buddy Plus Laptop Stand,,PARTNER_LOYALTY_TRANSFER,REWARD,,,,,,,0,0,,,UNKNOWN,VERIFIED,0.9111,0.5556,True,Axis EDGE Rewards,S,https://edgerewards.axis.bank.in/lms/
axis_edge_rewards__e5a2bcea46,Redeem EDGE Reward points for Boat Airdopes Joy Wireless TWS,Axis Bank,,Boat Airdopes Joy Wireless TWS,,PARTNER_LOYALTY_TRANSFER,REWARD,,,,,,,0,0,,,UNKNOWN,VERIFIED,0.9111,0.5556,True,Axis EDGE Rewards,S,https://edgerewards.axis.bank.in/lms/
axis_edge_rewards__f7bba9fbaa,Redeem EDGE Reward points for Faber Sportz Nutri Blender 400 Watt with Chopper,Axis Bank,,Faber Sportz Nutri Blender 400 Watt with Chopper,,PARTNER_LOYALTY_TRANSFER,REWARD,,,,,,,0,0,,,UNKNOWN,VERIFIED,0.9111,0.5556,True,Axis EDGE Rewards,S,https://edgerewards.axis.bank.in/lms/
axis_edge_rewards__e6d6a6b4be,Redeem EDGE Reward points for Fastrack Reflex Rider 1.8 HD Display With In Built Alexa,Axis Bank,,Fastrack Reflex Rider 1.8 HD Display With In Built Alexa,,PARTNER_LOYALTY_TRANSFER,REWARD,,,,,,,0,0,,,UNKNOWN,VERIFIED,0.9111,0.5556,True,Axis EDGE Rewards,S,https://edgerewards.axis.bank.in/lms/
axis_edge_rewards__2473361132,Redeem EDGE Reward points for Kent Hot Pot Multi-Functional 16119,Axis Bank,,Kent Hot Pot Multi Functional 16119,,PARTNER_LOYALTY_TRANSFER,REWARD,,,,,,,0,0,,,UNKNOWN,VERIFIED,0.9111,0.5556,True,Axis EDGE Rewards,S,https://edgerewards.axis.bank.in/lms/
axis_edge_rewards__5e5c6159cd,Redeem EDGE Reward points for Lamy Saffari Fountain Pen,Axis Bank,,Lamy Saffari Fountain Pen,,PARTNER_LOYALTY_TRANSFER,REWARD,,,,,,,0,0,,,UNKNOWN,VERIFIED,0.9111,0.5556,True,Axis EDGE Rewards,S,https://edgerewards.axis.bank.in/lms/
axis_edge_rewards__7770fe460e,Redeem EDGE Reward points for Marcas Multipurpose Gypsy Leather and Canvas Toiletry Kit 9040,Axis Bank,,Marcas Multipurpose Gypsy Leather and Canvas Toiletry Kit 9040,,PARTNER_LOYALTY_TRANSFER,REWARD,,,,,,,0,0,,,UNKNOWN,VERIFIED,0.9111,0.5556,True,Axis EDGE Rewards,S,https://edgerewards.axis.bank.in/lms/
axis_edge_rewards__801028fee6,Redeem EDGE Reward points for Lifelong LLM09 Mini Head and Body Massager,Axis Bank,,Lifelong LLM09 Mini Head and Body Massager,,PARTNER_LOYALTY_TRANSFER,REWARD,,,,,,,0,0,,,UNKNOWN,VERIFIED,0.9111,0.5556,True,Axis EDGE Rewards,S,https://edgerewards.axis.bank.in/lms/
axis_edge_rewards__7df27cdd56,Redeem EDGE Reward points for PHILIPS BT3302/15 Battery Powered Trimmer,Axis Bank,,PHILIPS BT3302/15 Battery Powered Trimmer,,PARTNER_LOYALTY_TRANSFER,REWARD,,,,,,,0,0,,,UNKNOWN,VERIFIED,0.9111,0.5556,True,Axis EDGE Rewards,S,https://edgerewards.axis.bank.in/lms/
axis_edge_rewards__57f599385e,Redeem EDGE Reward points for PHILIPS BT1235/15 USB Cordless Beard Trimmer for Men,Axis Bank,,PHILIPS BT1235/15 USB Cordless Beard Trimmer for Men,,PARTNER_LOYALTY_TRANSFER,REWARD,,,,,,,0,0,,,UNKNOWN,VERIFIED,0.9111,0.5556,True,Axis EDGE Rewards,S,https://edgerewards.axis.bank.in/lms/
axis_edge_rewards__c6cb646057,Redeem EDGE Reward points for HAVELLS HS4211 Ionic and Keratin Hair Straightening Brush,Axis Bank,,HAVELLS HS4211 Ionic and Keratin Hair Straightening Brush,,PARTNER_LOYALTY_TRANSFER,REWARD,,,,,,,0,0,,,UNKNOWN,VERIFIED,0.9111,0.5556,True,Axis EDGE Rewards,S,https://edgerewards.axis.bank.in/lms/
axis_edge_rewards__22d16b38cd,Redeem EDGE Reward points for morphy richards Kingsman Pro BG3509 12-in-1 Body Groomer,Axis Bank,,Morphy Richards Kingsman Pro BG3509 12 In 1 Body Groomer,,PARTNER_LOYALTY_TRANSFER,REWARD,,,,,,,0,0,,,UNKNOWN,VERIFIED,0.9111,0.5556,True,Axis EDGE Rewards,S,https://edgerewards.axis.bank.in/lms/
axis_edge_rewards__1c2604ee43,Redeem EDGE Reward points for Doms - Smart Kit,Axis Bank,,Doms Smart Kit,,PARTNER_LOYALTY_TRANSFER,REWARD,,,,,,,0,0,,,UNKNOWN,VERIFIED,0.9111,0.5556,True,Axis EDGE Rewards,S,https://edgerewards.axis.bank.in/lms/
axis_edge_rewards__aed9d4d431,"Redeem EDGE Reward points for Beurer HR 2000 Precision Cordless Nose, Ear and Eyebrow Trimmer",Axis Bank,,"Beurer HR 2000 Precision Cordless Nose, Ear and Eyebrow Trimmer",,PARTNER_LOYALTY_TRANSFER,REWARD,,,,,,,0,0,,,UNKNOWN,VERIFIED,0.9111,0.5556,True,Axis EDGE Rewards,S,https://edgerewards.axis.bank.in/lms/
axis_edge_rewards__cd1765d8ad,Redeem EDGE Reward points for Skinn Amalfi Bleu 90ML perfume,Axis Bank,,Skinn Amalfi Bleu 90ML perfume,,PARTNER_LOYALTY_TRANSFER,REWARD,,,,,,,0,0,,,UNKNOWN,VERIFIED,0.9111,0.5556,True,Axis EDGE Rewards,S,https://edgerewards.axis.bank.in/lms/
axis_edge_rewards__414e6d3581,Redeem EDGE Reward points for American Tourister TROT 01 BACKPACK,Axis Bank,,American Tourister TROT 01 BACKPACK,,PARTNER_LOYALTY_TRANSFER,REWARD,,,,,,,0,0,,,UNKNOWN,VERIFIED,0.9111,0.5556,True,Axis EDGE Rewards,S,https://edgerewards.axis.bank.in/lms/
axis_edge_rewards__241a05647e,Redeem EDGE Reward points for Uppercase Matrix Laptop Backpack -AntiTheft Zipers,Axis Bank,,Uppercase Matrix Laptop Backpack AntiTheft Zipers,,PARTNER_LOYALTY_TRANSFER,REWARD,,,,,,,0,0,,,UNKNOWN,VERIFIED,0.9111,0.5556,True,Axis EDGE Rewards,S,https://edgerewards.axis.bank.in/lms/
axis_edge_rewards__82d6333bd1,Redeem EDGE Reward points for Peperone Marcas Amos Leather Laptop Bag 9036,Axis Bank,,Peperone Marcas Amos Leather Laptop Bag 9036,,PARTNER_LOYALTY_TRANSFER,REWARD,,,,,,,0,0,,,UNKNOWN,VERIFIED,0.9111,0.5556,True,Axis EDGE Rewards,S,https://edgerewards.axis.bank.in/lms/
axis_edge_rewards__d7c9b98c5d,Redeem EDGE Reward points for Peperone Adalyn Handbag 7005,Axis Bank,,Peperone Adalyn Handbag 7005,,PARTNER_LOYALTY_TRANSFER,REWARD,,,,,,,0,0,,,UNKNOWN,VERIFIED,0.9111,0.5556,True,Axis EDGE Rewards,S,https://edgerewards.axis.bank.in/lms/
axis_edge_rewards__7f5d4abf5f,Redeem EDGE Reward points for WILDCRAT ROVER 2 DUFFEL BAG,Axis Bank,,WILDCRAT ROVER 2 DUFFEL BAG,,PARTNER_LOYALTY_TRANSFER,REWARD,,,,,,,0,0,,,UNKNOWN,VERIFIED,0.9111,0.5556,True,Axis EDGE Rewards,S,https://edgerewards.axis.bank.in/lms/
axis_edge_rewards__a883b06675,Redeem EDGE Reward points for Peperone Como Handbag 7084,Axis Bank,,Peperone Como Handbag 7084,,PARTNER_LOYALTY_TRANSFER,REWARD,,,,,,,0,0,,,UNKNOWN,VERIFIED,0.9111,0.5556,True,Axis EDGE Rewards,S,https://edgerewards.axis.bank.in/lms/
axis_edge_rewards__4fccf64351,Redeem EDGE Reward points for AMERICAN TOURISTER Trot 3.0 Style 01 Laptop Backpack,Axis Bank,,AMERICAN TOURISTER Trot 3.0 Style 01 Laptop Backpack,,PARTNER_LOYALTY_TRANSFER,REWARD,,,,,,,0,0,,,UNKNOWN,VERIFIED,0.9111,0.5556,True,Axis EDGE Rewards,S,https://edgerewards.axis.bank.in/lms/
axis_edge_rewards__40465f0ac0,Redeem EDGE Reward points for WILDCRAFT Wiki Micro Sling Bag for Girl,Axis Bank,,WILDCRAFT Wiki Micro Sling Bag for Girl,,PARTNER_LOYALTY_TRANSFER,REWARD,,,,,,,0,0,,,UNKNOWN,VERIFIED,0.9111,0.5556,True,Axis EDGE Rewards,S,https://edgerewards.axis.bank.in/lms/
axis_edge_rewards__45d625e87c,Redeem EDGE Reward points for AMERICAN TOURISTER Clane 51 cm Duffle Bag,Axis Bank,,AMERICAN TOURISTER Clane 51 cm Duffle Bag,,PARTNER_LOYALTY_TRANSFER,REWARD,,,,,,,0,0,,,UNKNOWN,VERIFIED,0.9111,0.5556,True,Axis EDGE Rewards,S,https://edgerewards.axis.bank.in/lms/
axis_edge_rewards__d3fe146799,Redeem EDGE Reward points for AMERICAN TOURISTER Sprint Plus 55cm (Cabin) 4 Wheel Hard Trolley,Axis Bank,,AMERICAN TOURISTER Sprint Plus 55cm (Cabin) 4 Wheel Hard Trolley,,PARTNER_LOYALTY_TRANSFER,REWARD,,,,,,,0,0,,,UNKNOWN,VERIFIED,0.9111,0.5556,True,Axis EDGE Rewards,S,https://edgerewards.axis.bank.in/lms/
axis_edge_rewards__31083a40aa,Redeem EDGE Reward points for SignoraWare Kids Compact Lunchbox Small,Axis Bank,,SignoraWare Kids Compact Lunchbox Small,,PARTNER_LOYALTY_TRANSFER,REWARD,,,,,,,0,0,,,UNKNOWN,VERIFIED,0.9111,0.5556,True,Axis EDGE Rewards,S,https://edgerewards.axis.bank.in/lms/
axis_edge_rewards__c007a38464,Redeem EDGE Reward points for Housie Premium 72 Cards,Axis Bank,,Housie Premium 72 Cards,,PARTNER_LOYALTY_TRANSFER,REWARD,,,,,,,0,0,,,UNKNOWN,VERIFIED,0.9111,0.5556,True,Axis EDGE Rewards,S,https://edgerewards.axis.bank.in/lms/
axis_edge_rewards__621b975d90,Redeem EDGE Reward points for Kids Magnetic Pencil Box,Axis Bank,,Kids Magnetic Pencil Box,,PARTNER_LOYALTY_TRANSFER,REWARD,,,,,,,0,0,,,UNKNOWN,VERIFIED,0.9111,0.5556,True,Axis EDGE Rewards,S,https://edgerewards.axis.bank.in/lms/
axis_edge_rewards__51c39776d2,Redeem EDGE Reward points for Kitchen Suitcase Play Set (Disney Characters mix),Axis Bank,,Kitchen Suitcase Play Set (Disney Characters mix),,PARTNER_LOYALTY_TRANSFER,REWARD,,,,,,,0,0,,,UNKNOWN,VERIFIED,0.9111,0.5556,True,Axis EDGE Rewards,S,https://edgerewards.axis.bank.in/lms/
axis_edge_rewards__cccc2ea76b,Redeem EDGE Reward points for Cat Spiral Fun-7,Axis Bank,,Cat Spiral Fun 7,,PARTNER_LOYALTY_TRANSFER,REWARD,,,,,,,0,0,,,UNKNOWN,VERIFIED,0.9111,0.5556,True,Axis EDGE Rewards,S,https://edgerewards.axis.bank.in/lms/
axis_edge_rewards__6772cc6f23,Redeem EDGE Reward points for Doctor Set (Disney Characters mix),Axis Bank,,Doctor Set (Disney Characters mix),,PARTNER_LOYALTY_TRANSFER,REWARD,,,,,,,0,0,,,UNKNOWN,VERIFIED,0.9111,0.5556,True,Axis EDGE Rewards,S,https://edgerewards.axis.bank.in/lms/
axis_edge_rewards__c325605e2b,Redeem EDGE Reward points for Archies Rs. 500,Axis Bank,,Archies Rs. 500,,PARTNER_LOYALTY_TRANSFER,REWARD,,,,,,,0,0,,,UNKNOWN,VERIFIED,0.9111,0.5556,True,Axis EDGE Rewards,S,https://edgerewards.axis.bank.in/lms/
axis_edge_rewards__39bbd4bdd3,Redeem EDGE Reward points for Points for Good RS.1000,Axis Bank,,Points for Good RS.1000,,PARTNER_LOYALTY_TRANSFER,REWARD,,,,,,,0,0,,,UNKNOWN,VERIFIED,0.9111,0.5556,True,Axis EDGE Rewards,S,https://edgerewards.axis.bank.in/lms/
axis_edge_rewards__450909ed45,Redeem EDGE Reward points for Points for Good RS.500,Axis Bank,,Points for Good RS.500,,PARTNER_LOYALTY_TRANSFER,REWARD,,,,,,,0,0,,,UNKNOWN,VERIFIED,0.9111,0.5556,True,Axis EDGE Rewards,S,https://edgerewards.axis.bank.in/lms/
visa_welcome__1f0616b0da,Welcome Offer | Visa,,Visa,,,VOUCHER_ACCELERATOR,DISCOUNT,,,,,,,0,0,,2026-10-31,ACTIVE,NEEDS_REVIEW,0.8889,0.4444,True,Visa India Welcome Offer,S,https://www.visa.co.in/pay-with-visa/welcome-offer.html
bankbazaar_mastercard__0b83b82322,"Discount: 10% up to Rs.150 Instant Discountplus10%up to Rs.200AbhiBusCashback, Minimum Booking Value: Rs.500",,Mastercard,Abhibus,TRAVEL,PERCENTAGE_DISCOUNT,DISCOUNT,10.0,,,,150.0,500.0,0,0,,2026-06-30,EXPIRED,EXPIRED,0.2,0.7222,False,BankBazaar - Mastercard Offers,B,https://www.bankbazaar.com/mastercard-credit-card-offers.html
bankbazaar_mastercard__00875f0989,Discount:10% up to a maximum of Rs.100Minimum transaction value: Rs.500,,Mastercard,Adani One Airport Car Parking,,PERCENTAGE_DISCOUNT,DISCOUNT,10.0,,,,100.0,500.0,0,0,,2026-06-30,EXPIRED,EXPIRED,0.2,0.6667,False,BankBazaar - Mastercard Offers,B,https://www.bankbazaar.com/mastercard-credit-card-offers.html
bankbazaar_mastercard__0ab1c81d8b,Discount of 10% on domestic and international packages,,Mastercard,Akbar Travels,,PERCENTAGE_DISCOUNT,DISCOUNT,10.0,,,,,,0,0,,2026-08-30,EXPIRED,EXPIRED,0.2,0.5556,False,BankBazaar - Mastercard Offers,B,https://www.bankbazaar.com/mastercard-credit-card-offers.html
bankbazaar_mastercard__26b027bfa6,Discount of Rs.5000 on international flights,,Mastercard,Musafir,,FLAT_DISCOUNT,DISCOUNT,,,,5000.0,,,0,0,,2026-12-31,ACTIVE,NEEDS_REVIEW,0.7511,0.5556,True,BankBazaar - Mastercard Offers,B,https://www.bankbazaar.com/mastercard-credit-card-offers.html
bankbazaar_mastercard__bb80e2ee9b,Discount of 15% on food and soft beverages,,Mastercard,Chicago Pizza,,PERCENTAGE_DISCOUNT,DISCOUNT,15.0,,,,,,0,0,,2026-12-31,ACTIVE,NEEDS_REVIEW,0.7511,0.5556,True,BankBazaar - Mastercard Offers,B,https://www.bankbazaar.com/mastercard-credit-card-offers.html
bankbazaar_mastercard__1019dd818f,Discount of 15% on total bill,,Mastercard,Indigo Indian Bar And Kitchen,,PERCENTAGE_DISCOUNT,DISCOUNT,15.0,,,,,,0,0,,2026-12-31,ACTIVE,NEEDS_REVIEW,0.7511,0.5556,True,BankBazaar - Mastercard Offers,B,https://www.bankbazaar.com/mastercard-credit-card-offers.html
bankbazaar_mastercard__bc8490747c,Discount:Rs.120Minimum purchase Value: Rs.249,,Mastercard,Behrouz Biryani,,FLAT_DISCOUNT,DISCOUNT,,,,249.0,,249.0,0,0,,,UNKNOWN,NEEDS_REVIEW,0.7511,0.5556,True,BankBazaar - Mastercard Offers,B,https://www.bankbazaar.com/mastercard-credit-card-offers.html
bankbazaar_mastercard__ec30668ee5,Discount: Rs.100Minimum order value: Rs.500,,Mastercard,Chinese Wok,,FLAT_DISCOUNT,DISCOUNT,,,,500.0,,500.0,0,0,,2026-02-28,EXPIRED,EXPIRED,0.2,0.6111,False,BankBazaar - Mastercard Offers,B,https://www.bankbazaar.com/mastercard-credit-card-offers.html
bankbazaar_mastercard__63b014cfe5,Discount: Rs.120Minimum purchase Value: Rs.249,,Mastercard,EatSure,,FLAT_DISCOUNT,DISCOUNT,,,,249.0,,249.0,0,0,,2026-12-31,ACTIVE,NEEDS_REVIEW,0.7622,0.6111,True,BankBazaar - Mastercard Offers,B,https://www.bankbazaar.com/mastercard-credit-card-offers.html
bankbazaar_mastercard__f1ae9e32d5,Discount: Rs.120Minimum purchase Value: Rs.249,,Mastercard,Faasos,,FLAT_DISCOUNT,DISCOUNT,,,,249.0,,249.0,0,0,,2026-12-31,ACTIVE,NEEDS_REVIEW,0.7622,0.6111,True,BankBazaar - Mastercard Offers,B,https://www.bankbazaar.com/mastercard-credit-card-offers.html
bankbazaar_mastercard__a4dee29007,Offer 1. Discount of Rs.1000 on Fresh MerchandiseOffer 2. Additional 5% off on discounted Merchandise,,Mastercard,Bagatt,,PERCENTAGE_DISCOUNT,DISCOUNT,5.0,,,,,,0,0,,2026-04-30,EXPIRED,EXPIRED,0.2,0.5556,False,BankBazaar - Mastercard Offers,B,https://www.bankbazaar.com/mastercard-credit-card-offers.html
bankbazaar_mastercard__85098a1d17,Discount of 20% on Meeting Rooms and Flexi Seats,,Mastercard,Awfis,,PERCENTAGE_DISCOUNT,DISCOUNT,20.0,,,,,,0,0,,2026-03-31,EXPIRED,EXPIRED,0.2,0.5556,False,BankBazaar - Mastercard Offers,B,https://www.bankbazaar.com/mastercard-credit-card-offers.html
bankbazaar_mastercard__f19fb8eab2,Discount of 12% on total bill,,Mastercard,Bare Necessities,,PERCENTAGE_DISCOUNT,DISCOUNT,12.0,,,,,,0,0,,2026-03-31,EXPIRED,EXPIRED,0.2,0.5556,False,BankBazaar - Mastercard Offers,B,https://www.bankbazaar.com/mastercard-credit-card-offers.html
bankbazaar_mastercard__50d25eef85,Discount: 25%Minimum order value: Rs.999 or more,,Mastercard,Campus Sutra,,PERCENTAGE_DISCOUNT,DISCOUNT,25.0,,,,,999.0,0,0,,2026-03-31,EXPIRED,EXPIRED,0.2,0.6111,False,BankBazaar - Mastercard Offers,B,https://www.bankbazaar.com/mastercard-credit-card-offers.html
bankbazaar_mastercard__3fe0a636cd,Discount of 15% up to Rs.150 on minimum order value of Rs.999,,Mastercard,Bewakoof,,PERCENTAGE_DISCOUNT,DISCOUNT,15.0,,,,150.0,999.0,0,0,,2026-04-30,EXPIRED,EXPIRED,0.2,0.6667,False,BankBazaar - Mastercard Offers,B,https://www.bankbazaar.com/mastercard-credit-card-offers.html
bankbazaar_mastercard__18c01c6ced,Discount of 10% on total bill,,Mastercard,Bianca Home,,PERCENTAGE_DISCOUNT,DISCOUNT,10.0,,,,,,0,0,,2026-08-06,EXPIRED,EXPIRED,0.2,0.5556,False,BankBazaar - Mastercard Offers,B,https://www.bankbazaar.com/mastercard-credit-card-offers.html
bankbazaar_mastercard__986fcc2e4d,Offer 1:Additionaldiscount of Rs.200 on bill amount above Rs.999Offer 2: Additional Rs.500 discount on bill amount more,,Mastercard,Clovia,,FLAT_DISCOUNT,DISCOUNT,,,,200.0,,,0,0,,2026-03-03,EXPIRED,EXPIRED,0.2,0.5556,False,BankBazaar - Mastercard Offers,B,https://www.bankbazaar.com/mastercard-credit-card-offers.html
bankbazaar_mastercard__395c360a4b,Discount of 20% on total bill,,Mastercard,Fiona Diamonds,,PERCENTAGE_DISCOUNT,DISCOUNT,20.0,,,,,,0,0,,2026-04-30,EXPIRED,EXPIRED,0.2,0.5556,False,BankBazaar - Mastercard Offers,B,https://www.bankbazaar.com/mastercard-credit-card-offers.html
bankbazaar_mastercard__355eb38676,Discount of 15% on Apollo ProHealth programs,,Mastercard,Apollo Hospital,,PERCENTAGE_DISCOUNT,DISCOUNT,15.0,,,,,,0,0,,2027-07-15,ACTIVE,NEEDS_REVIEW,0.7511,0.5556,True,BankBazaar - Mastercard Offers,B,https://www.bankbazaar.com/mastercard-credit-card-offers.html
bankbazaar_mastercard__88d352bf49,Discount of up to 15% off at Apollo PharmacyOffer 1. Discount of 5% on FMCG Products.Offer 2. Discount of 10% on Medicin,,Mastercard,Apollo Pharmacy,,PERCENTAGE_DISCOUNT,DISCOUNT,15.0,,,,,,0,0,,2026-03-31,EXPIRED,EXPIRED,0.2,0.5556,False,BankBazaar - Mastercard Offers,B,https://www.bankbazaar.com/mastercard-credit-card-offers.html
bankbazaar_mastercard__12fbf60eec,Discount of 30% on all salon services,,Mastercard,Bodycraft Clinic and Salon,,PERCENTAGE_DISCOUNT,DISCOUNT,30.0,,,,,,0,0,,2026-08-31,EXPIRED,EXPIRED,0.2,0.5556,False,BankBazaar - Mastercard Offers,B,https://www.bankbazaar.com/mastercard-credit-card-offers.html
bankbazaar_mastercard__c379f8cd17,1. Discount of 88% on the 1 Month FITPASS PRO Membership2.Discountof 79% Off on the 3 Month FITPASS PRO Membership3. Dis,,Mastercard,FITPASS,,COMPLIMENTARY_UNIT,BENEFIT,88.0,,,,,,0,0,,2026-08-31,EXPIRED,EXPIRED,0.2,0.5556,False,BankBazaar - Mastercard Offers,B,https://www.bankbazaar.com/mastercard-credit-card-offers.html
bankbazaar_mastercard__a39b6d55db,"10 % discount on Fitterfly's Diabetes Program, Weight Management Program and Heart Management Programs",,Mastercard,FITTERFLY,,PERCENTAGE_DISCOUNT,DISCOUNT,10.0,,,,,,0,0,,2026-03-31,EXPIRED,EXPIRED,0.2,0.5556,False,BankBazaar - Mastercard Offers,B,https://www.bankbazaar.com/mastercard-credit-card-offers.html
bankbazaar_mastercard__1230ffe127,Minimumdiscount of 15% on spa therapyOffer 1. Discount of 20% on any spa therapy from Monday to FridayOffer 2. Discount,,Mastercard,Four Fountain Spa,,PERCENTAGE_DISCOUNT,DISCOUNT,15.0,,,,,,0,0,,2026-12-31,ACTIVE,NEEDS_REVIEW,0.7511,0.5556,True,BankBazaar - Mastercard Offers,B,https://www.bankbazaar.com/mastercard-credit-card-offers.html
bankbazaar_mastercard__f4c5d8a510,Discount of 35% ondiagnosticservicesMinimum purchase value: Rs.750,,Mastercard,Healthians,,PERCENTAGE_DISCOUNT,DISCOUNT,35.0,,,,,750.0,0,0,,2026-10-31,ACTIVE,NEEDS_REVIEW,0.7622,0.6111,True,BankBazaar - Mastercard Offers,B,https://www.bankbazaar.com/mastercard-credit-card-offers.html
bankbazaar_mastercard__43dbdaf984,Discount of Rs.300 on services,,Mastercard,Luzo,,FLAT_DISCOUNT,DISCOUNT,,,,300.0,,,0,0,,2026-05-31,EXPIRED,EXPIRED,0.2,0.5556,False,BankBazaar - Mastercard Offers,B,https://www.bankbazaar.com/mastercard-credit-card-offers.html
bankbazaar_mastercard__9e33bc7cd1,"Self-learning video an a counselling session at Rs.2,300",,Mastercard,InfinumGrowth,,FLAT_DISCOUNT,DISCOUNT,,,,2300.0,,,0,0,,2026-11-30,ACTIVE,NEEDS_REVIEW,0.7511,0.5556,True,BankBazaar - Mastercard Offers,B,https://www.bankbazaar.com/mastercard-credit-card-offers.html
bankbazaar_mastercard__98da89fc24,Discount of 40% on Live Online Coding Courses for Kids and Teens,,Mastercard,Codingal,,PERCENTAGE_DISCOUNT,DISCOUNT,40.0,,,,,,0,0,,2026-04-30,EXPIRED,EXPIRED,0.2,0.6111,False,BankBazaar - Mastercard Offers,B,https://www.bankbazaar.com/mastercard-credit-card-offers.html
bankbazaar_mastercard__a93f12522f,Amazon Pay Gift Card Rs.100 on completing three Tap & Go transactions with Mastercard,,Mastercard,Samsung Wallet – Tap & Go Rewards,,VOUCHER_ACCELERATOR,DISCOUNT,,,,,,,0,0,,2026-04-30,EXPIRED,EXPIRED,0.2,0.5556,False,BankBazaar - Mastercard Offers,B,https://www.bankbazaar.com/mastercard-credit-card-offers.html
paisabazaar_visa__64768caa89,"Up to Rs. 5,000 off on domestic hotels Up to Rs. 1,000 off on domestic flight bookings",,Visa,Yatra,,FLAT_DISCOUNT,DISCOUNT,,,,,5000.0,,0,0,,2026-03-31,EXPIRED,EXPIRED,0.2,0.6111,False,Paisabazaar - Visa Offers,B,https://www.paisabazaar.com/credit-card/visa-credit-card-offers/
paisabazaar_visa__f0b586d61c,15% up to Rs. 200 discount + 10% up to Rs. 300 cashback 5% up to Rs. 50 instant discount,,Visa,Abhibus,TRAVEL,CASHBACK,CASHBACK,,15.0,,,200.0,,0,0,,2026-03-31,EXPIRED,EXPIRED,0.2,0.6667,False,Paisabazaar - Visa Offers,B,https://www.paisabazaar.com/credit-card/visa-credit-card-offers/
paisabazaar_visa__6e1ad81c4a,"Rs. 500 off on MOV of Rs. 3,500 for hotel booking Rs. 120 off on MOV of Rs. 1,200 for bus booking Rs 1,000 off on MOV of",,Visa,EaseMyTrip,,FLAT_DISCOUNT,DISCOUNT,,,,,800.0,,0,0,,2026-06-30,EXPIRED,EXPIRED,0.2,0.6667,False,Paisabazaar - Visa Offers,B,https://www.paisabazaar.com/credit-card/visa-credit-card-offers/
paisabazaar_visa__01f2171c7f,15% off on Club & Suite rooms,,Visa,Hyatt Hotels And Resorts,,PERCENTAGE_DISCOUNT,DISCOUNT,15.0,,,,,,0,0,,2026-04-15,EXPIRED,EXPIRED,0.2,0.5556,False,Paisabazaar - Visa Offers,B,https://www.paisabazaar.com/credit-card/visa-credit-card-offers/
paisabazaar_visa__e426f1a2c3,"Additional Rs. 1,000 off on international flights",,Visa,Air India,,FLAT_DISCOUNT,DISCOUNT,,,,1000.0,,,0,0,,2026-12-31,ACTIVE,NEEDS_REVIEW,0.7511,0.5556,True,Paisabazaar - Visa Offers,B,https://www.paisabazaar.com/credit-card/visa-credit-card-offers/
paisabazaar_visa__c0549caefc,Flat discount of 12% on medicines across the platform + 8% extra discount,,Visa,Netmeds,,PERCENTAGE_DISCOUNT,DISCOUNT,12.0,,,,,,0,0,,2026-12-31,ACTIVE,NEEDS_REVIEW,0.7511,0.5556,True,Paisabazaar - Visa Offers,B,https://www.paisabazaar.com/credit-card/visa-credit-card-offers/
paisabazaar_visa__7c9ac13deb,"Rs. 500 off on min. spend of Rs. 2,500 or above",,Visa,Colorbar,,FLAT_DISCOUNT,DISCOUNT,,,,500.0,,2500.0,0,0,,2026-03-31,EXPIRED,EXPIRED,0.2,0.6111,False,Paisabazaar - Visa Offers,B,https://www.paisabazaar.com/credit-card/visa-credit-card-offers/
paisabazaar_visa__dcd8395e86,Buy 2 products & get 10% off,,Visa,GAP,,PERCENTAGE_DISCOUNT,DISCOUNT,10.0,,,,,,0,0,,2026-05-31,EXPIRED,EXPIRED,0.2,0.5556,False,Paisabazaar - Visa Offers,B,https://www.paisabazaar.com/credit-card/visa-credit-card-offers/
paisabazaar_visa__0f1f376311,Up to 10% discount,,Visa,Mokobara,,PERCENTAGE_DISCOUNT,DISCOUNT,10.0,,,,,,0,0,,2026-03-31,EXPIRED,EXPIRED,0.2,0.5556,False,Paisabazaar - Visa Offers,B,https://www.paisabazaar.com/credit-card/visa-credit-card-offers/
paisabazaar_visa__cc98320866,"Flat Rs. 500 off on orders worth Rs. 1,999 & above",,Visa,Max Fashion,,FLAT_DISCOUNT,DISCOUNT,,,,500.0,,,0,0,,2026-03-31,EXPIRED,EXPIRED,0.2,0.5556,False,Paisabazaar - Visa Offers,B,https://www.paisabazaar.com/credit-card/visa-credit-card-offers/
paisabazaar_visa__81d183ec15,Flat 80% off,,Visa,MediBuddy,,PERCENTAGE_DISCOUNT,DISCOUNT,80.0,,,,,,0,0,,2026-09-30,ACTIVE,NEEDS_REVIEW,0.7511,0.5556,True,Paisabazaar - Visa Offers,B,https://www.paisabazaar.com/credit-card/visa-credit-card-offers/
paisabazaar_visa__54ccff401d,"Save 10% on radiation therapy, medication, and health screening packages at Icon Cancer Centre and Icon Health Screening",,Visa,Icon Cancer Centre and Icon Health Screening,,PERCENTAGE_DISCOUNT,DISCOUNT,10.0,,,,,,0,0,,2026-12-24,ACTIVE,NEEDS_REVIEW,0.7511,0.5556,True,Paisabazaar - Visa Offers,B,https://www.paisabazaar.com/credit-card/visa-credit-card-offers/
paisabazaar_visa__3957da0f8b,"Flat Rs. 13,500 off on Toothsi aligners",,Visa,Toothsi,,FLAT_DISCOUNT,DISCOUNT,,,,13500.0,,,0,0,,2026-03-31,EXPIRED,EXPIRED,0.2,0.5556,False,Paisabazaar - Visa Offers,B,https://www.paisabazaar.com/credit-card/visa-credit-card-offers/
paisabazaar_visa__6e0a9ac696,25% off on a min. purchase of Rs. 899,,Visa,WOW Skin Science,,PERCENTAGE_DISCOUNT,DISCOUNT,25.0,,,,,899.0,0,0,,2026-03-31,EXPIRED,EXPIRED,0.2,0.6111,False,Paisabazaar - Visa Offers,B,https://www.paisabazaar.com/credit-card/visa-credit-card-offers/
paisabazaar_visa__aef4dec52b,Rs. 100 off on orders worth Rs. 249 & above,,Visa,Wendy’s,,FLAT_DISCOUNT,DISCOUNT,,,,100.0,,,0,0,,2026-09-30,ACTIVE,NEEDS_REVIEW,0.7511,0.5556,True,Paisabazaar - Visa Offers,B,https://www.paisabazaar.com/credit-card/visa-credit-card-offers/
paisabazaar_visa__e79c68dfc3,30% off on orders above Rs. 249 at EatSure,,Visa,EatSure,,PERCENTAGE_DISCOUNT,DISCOUNT,30.0,,,,,,0,0,,2026-09-30,ACTIVE,NEEDS_REVIEW,0.7511,0.5556,True,Paisabazaar - Visa Offers,B,https://www.paisabazaar.com/credit-card/visa-credit-card-offers/
paisabazaar_visa__35ee346ab2,30% off up to Rs. 125 on orders above Rs. 249 at Behrouz Biryani,,Visa,Behrouz Biryani,,PERCENTAGE_DISCOUNT,DISCOUNT,30.0,,,,125.0,,0,0,,2026-09-30,ACTIVE,NEEDS_REVIEW,0.7622,0.6111,True,Paisabazaar - Visa Offers,B,https://www.paisabazaar.com/credit-card/visa-credit-card-offers/
paisabazaar_visa__ad2ed88bfe,40% off up to Rs. 110 on orders above Rs. 199 at Faasos online order,,Visa,Faasos,,PERCENTAGE_DISCOUNT,DISCOUNT,40.0,,,,110.0,,0,0,,2026-09-30,ACTIVE,NEEDS_REVIEW,0.7733,0.6667,True,Paisabazaar - Visa Offers,B,https://www.paisabazaar.com/credit-card/visa-credit-card-offers/
paisabazaar_visa__2d7928803a,Rs. 100 off on a minimum order value of Rs. 299,,Visa,Licious,,FLAT_DISCOUNT,DISCOUNT,,,,100.0,,299.0,0,0,,2026-05-31,EXPIRED,EXPIRED,0.2,0.6111,False,Paisabazaar - Visa Offers,B,https://www.paisabazaar.com/credit-card/visa-credit-card-offers/
paisabazaar_visa__049419a973,Up to 10% discount on flights,,Visa,Qatar Airways,,PERCENTAGE_DISCOUNT,DISCOUNT,10.0,,,,,,0,0,,2026-12-31,ACTIVE,NEEDS_REVIEW,0.7511,0.5556,True,Paisabazaar - Visa Offers,B,https://www.paisabazaar.com/credit-card/visa-credit-card-offers/
paisabazaar_visa__e6c3ec09b5,"Flat Rs. 500 off on a minimum purchase of Rs. 1,499",,Visa,GIVA,,FLAT_DISCOUNT,DISCOUNT,,,,500.0,,1499.0,0,0,,2026-12-31,ACTIVE,NEEDS_REVIEW,0.7622,0.6111,True,Paisabazaar - Visa Offers,B,https://www.paisabazaar.com/credit-card/visa-credit-card-offers/
paisabazaar_visa__b925a4f189,2 months Gaana Plus for Rs 1 only,,Visa,Gaana Plus,,FLAT_DISCOUNT,DISCOUNT,,,,1.0,,,0,0,,2026-12-31,ACTIVE,NEEDS_REVIEW,0.7511,0.5556,True,Paisabazaar - Visa Offers,B,https://www.paisabazaar.com/credit-card/visa-credit-card-offers/
paisabazaar_visa__4b2c8c28af,Flat Rs. 250 off on a minimum purchase of Rs. 749,,Visa,The Man Company,,FLAT_DISCOUNT,DISCOUNT,,,,250.0,,749.0,0,0,,2026-06-30,EXPIRED,EXPIRED,0.2,0.6111,False,Paisabazaar - Visa Offers,B,https://www.paisabazaar.com/credit-card/visa-credit-card-offers/
paisabazaar_visa__d25c32c926,10% off,,Visa,Bacca Bucci,,PERCENTAGE_DISCOUNT,DISCOUNT,10.0,,,,,,0,0,,2026-03-26,EXPIRED,EXPIRED,0.2,0.5556,False,Paisabazaar - Visa Offers,B,https://www.paisabazaar.com/credit-card/visa-credit-card-offers/
grabon_sbi__20c03b09b3,Sitewide Offer - Up to 80% OFF | 10% Bank Offer + FREE Delivery,SBI Card,,Sitewide,,PERCENTAGE_DISCOUNT,DISCOUNT,80.0,,,,,,0,0,,,UNKNOWN,NEEDS_REVIEW,0.6711,0.5556,True,GrabOn - SBI Card Offers,C,https://www.grabon.in/sbi-card-offers/
grabon_sbi__7d483c8a57,Sitewide Offer - Up To 40% + 10% OFF On All Furniture,SBI Card,,Sitewide,,PERCENTAGE_DISCOUNT,DISCOUNT,40.0,,,,,,0,0,,,UNKNOWN,NEEDS_REVIEW,0.6711,0.5556,True,GrabOn - SBI Card Offers,C,https://www.grabon.in/sbi-card-offers/
grabon_sbi__b732ab9bb9,SBI Bank Offer : Up To 50% OFF + Flat 10% OFF,SBI Card,,SBI,,PERCENTAGE_DISCOUNT,DISCOUNT,50.0,,,,,,0,0,,,UNKNOWN,NEEDS_REVIEW,0.6711,0.5556,True,GrabOn - SBI Card Offers,C,https://www.grabon.in/sbi-card-offers/
grabon_sbi__c8a4dfa1e7,SBI Bank Offer - Get 7% OFF + Extra Discount Rs 10000,SBI Card,,SBI,,PERCENTAGE_DISCOUNT,DISCOUNT,7.0,,,,,,0,0,,,UNKNOWN,NEEDS_REVIEW,0.6711,0.5556,True,GrabOn - SBI Card Offers,C,https://www.grabon.in/sbi-card-offers/
grabon_sbi__91d7043f0d,SBI Bank Offer - Get Up To 7.5% Instant Discout On Your Orders,SBI Card,,SBI,,PERCENTAGE_DISCOUNT,DISCOUNT,7.5,,,,,,0,0,,,UNKNOWN,NEEDS_REVIEW,0.6711,0.5556,True,GrabOn - SBI Card Offers,C,https://www.grabon.in/sbi-card-offers/
grabon_sbi__2d847b1c3e,SBI Credit Card Offer - Get 5% OFF On Order Above Rs 1500,SBI Card,,SBI,,PERCENTAGE_DISCOUNT,DISCOUNT,5.0,,,,,,0,0,,,UNKNOWN,NEEDS_REVIEW,0.6711,0.5556,True,GrabOn - SBI Card Offers,C,https://www.grabon.in/sbi-card-offers/
grabon_sbi__9eca353c5e,SBI Bank Offer : Get Extra 5% Off,SBI Card,,SBI,,PERCENTAGE_DISCOUNT,DISCOUNT,5.0,,,,,,0,0,,,UNKNOWN,NEEDS_REVIEW,0.6711,0.5556,True,GrabOn - SBI Card Offers,C,https://www.grabon.in/sbi-card-offers/
grabon_sbi__b2b6277e1e,SBI Card Offer - Get Upto 22% OFF On Travel Bookings,SBI Card,,SBI,,PERCENTAGE_DISCOUNT,DISCOUNT,22.0,,,,,,0,0,,,UNKNOWN,NEEDS_REVIEW,0.6711,0.5556,True,GrabOn - SBI Card Offers,C,https://www.grabon.in/sbi-card-offers/
grabon_sbi__66f1bc8c29,SBI Offer - Get 10% Instant Discount On All Orders,SBI Card,,SBI,,PERCENTAGE_DISCOUNT,DISCOUNT,10.0,,,,,,0,0,,,UNKNOWN,NEEDS_REVIEW,0.6711,0.5556,True,GrabOn - SBI Card Offers,C,https://www.grabon.in/sbi-card-offers/
grabon_sbi__2a9c924345,SBI Bank Offer : Get Flat 10% Off,SBI Card,,SBI,,PERCENTAGE_DISCOUNT,DISCOUNT,10.0,,,,,,0,0,,,UNKNOWN,NEEDS_REVIEW,0.6711,0.5556,True,GrabOn - SBI Card Offers,C,https://www.grabon.in/sbi-card-offers/
grabon_sbi__b419a58601,SBI Offer - Flat 14% OFF On Orders,SBI Card,,SBI,,PERCENTAGE_DISCOUNT,DISCOUNT,14.0,,,,,,0,0,,,UNKNOWN,NEEDS_REVIEW,0.6711,0.5556,True,GrabOn - SBI Card Offers,C,https://www.grabon.in/sbi-card-offers/
grabon_sbi__a09708c980,SBI Bank Offer - Flat 10% OFF On Movie Tickets,SBI Card,,SBI,,PERCENTAGE_DISCOUNT,DISCOUNT,10.0,,,,,,0,0,,,UNKNOWN,NEEDS_REVIEW,0.6711,0.5556,True,GrabOn - SBI Card Offers,C,https://www.grabon.in/sbi-card-offers/
grabon_sbi__4b3f5de9b1,Get Up To Rs 1500 OFF On SBI Bank Cards,SBI Card,,Get,,FLAT_DISCOUNT,DISCOUNT,,,,,1500.0,,0,0,,,UNKNOWN,NEEDS_REVIEW,0.6822,0.6111,True,GrabOn - SBI Card Offers,C,https://www.grabon.in/sbi-card-offers/
grabon_sbi__ee33d021a5,Get 2 Complimentry Movie Tickets Every Month With SBI Card ELITE,SBI Card,,Get,,UNCLASSIFIED,UNKNOWN,,,,,,,0,0,,,UNKNOWN,NEEDS_REVIEW,0.6711,0.5556,True,GrabOn - SBI Card Offers,C,https://www.grabon.in/sbi-card-offers/
grabon_sbi__7cd92bf200,Get Best Offers On SBI Credit Cards,SBI Card,,Get,,UNCLASSIFIED,UNKNOWN,,,,,,,0,0,,,UNKNOWN,NEEDS_REVIEW,0.6711,0.5556,True,GrabOn - SBI Card Offers,C,https://www.grabon.in/sbi-card-offers/
grabon_sbi__ff44b4ff1a,Get Free Shipping On All Orders,SBI Card,,Get,,UNCLASSIFIED,UNKNOWN,,,,,,,0,0,,,UNKNOWN,NEEDS_REVIEW,0.6711,0.5556,True,GrabOn - SBI Card Offers,C,https://www.grabon.in/sbi-card-offers/
grabon_sbi__47055f894a,Flat 10% OFF On SBI Bank Credit Cards,SBI Card,,Flat,,PERCENTAGE_DISCOUNT,DISCOUNT,10.0,,,,,,0,0,,,UNKNOWN,NEEDS_REVIEW,0.6711,0.5556,True,GrabOn - SBI Card Offers,C,https://www.grabon.in/sbi-card-offers/
grabon_sbi__217bb5d021,Flat 12% OFF On Hotel Bookings With SBI Yono Cards,SBI Card,,Flat,,PERCENTAGE_DISCOUNT,DISCOUNT,12.0,,,,,,0,0,,,UNKNOWN,NEEDS_REVIEW,0.6711,0.5556,True,GrabOn - SBI Card Offers,C,https://www.grabon.in/sbi-card-offers/
grabon_sbi__713912875e,Flat 30% OFF On All FabHotels With SBI Bank Cards,SBI Card,,Flat,,PERCENTAGE_DISCOUNT,DISCOUNT,30.0,,,,,,0,0,,,UNKNOWN,NEEDS_REVIEW,0.6711,0.5556,True,GrabOn - SBI Card Offers,C,https://www.grabon.in/sbi-card-offers/
grabon_sbi__9f0a0c9f6d,Flat 10% OFF Instant Discount On SBI Credit Cards,SBI Card,,Flat,,PERCENTAGE_DISCOUNT,DISCOUNT,10.0,,,,,,0,0,,,UNKNOWN,NEEDS_REVIEW,0.6711,0.5556,True,GrabOn - SBI Card Offers,C,https://www.grabon.in/sbi-card-offers/
grabon_sbi__673ce0e54c,Flat 8% OFF On Selected Premium Mattress,SBI Card,,Flat,,PERCENTAGE_DISCOUNT,DISCOUNT,8.0,,,,,,0,0,,,UNKNOWN,NEEDS_REVIEW,0.6711,0.5556,True,GrabOn - SBI Card Offers,C,https://www.grabon.in/sbi-card-offers/
grabon_sbi__4fec848341,Agoda 💳 SBI Card - Extra 10% OFF On Hotels,SBI Card,,Agoda,,PERCENTAGE_DISCOUNT,DISCOUNT,10.0,,,,,,0,0,,,UNKNOWN,NEEDS_REVIEW,0.6711,0.5556,True,GrabOn - SBI Card Offers,C,https://www.grabon.in/sbi-card-offers/
grabon_sbi__ec5bbd1e60,Agoda SBI Bank Offer: Upto 75% + Extra 10% OFF,SBI Card,,Agoda,,PERCENTAGE_DISCOUNT,DISCOUNT,75.0,,,,,,0,0,,,UNKNOWN,NEEDS_REVIEW,0.6711,0.5556,True,GrabOn - SBI Card Offers,C,https://www.grabon.in/sbi-card-offers/
grabon_sbi__de65add7f5,Get Flat 30% OFF on Booking Price Via SBI Payments,SBI Card,,Get,,PERCENTAGE_DISCOUNT,DISCOUNT,30.0,,,,,,0,0,,,UNKNOWN,NEEDS_REVIEW,0.6711,0.5556,True,GrabOn - SBI Card Offers,C,https://www.grabon.in/sbi-card-offers/
grabon_sbi__f8af18f98b,Get Up To 30% OFF + Extra 10% OFF On Back Support Mattress,SBI Card,,Get,,PERCENTAGE_DISCOUNT,DISCOUNT,30.0,,,,,,0,0,,,UNKNOWN,NEEDS_REVIEW,0.6711,0.5556,True,GrabOn - SBI Card Offers,C,https://www.grabon.in/sbi-card-offers/
grabon_sbi__4ae21485a0,Get 50% To 90% OFF + 30% OFF + 15% Ajio Supercash | Bank Offers Refreshed,SBI Card,,Get,,PERCENTAGE_DISCOUNT,DISCOUNT,50.0,,,,,,0,0,,,UNKNOWN,NEEDS_REVIEW,0.6711,0.5556,True,GrabOn - SBI Card Offers,C,https://www.grabon.in/sbi-card-offers/
grabon_sbi__60539c3e7d,IRCTC SBI Card Offer - Get 10% Valueback,SBI Card,,IRCTC,,PERCENTAGE_DISCOUNT,DISCOUNT,10.0,,,,,,0,0,,,UNKNOWN,NEEDS_REVIEW,0.6711,0.5556,True,GrabOn - SBI Card Offers,C,https://www.grabon.in/sbi-card-offers/
grabon_sbi__27d998bfbd,Air Conditioners - Up To 60% OFF,SBI Card,,Air India,,PERCENTAGE_DISCOUNT,DISCOUNT,60.0,,,,,,0,0,,,UNKNOWN,NEEDS_REVIEW,0.6711,0.5556,True,GrabOn - SBI Card Offers,C,https://www.grabon.in/sbi-card-offers/
grabon_sbi__5888a565bc,HDFC Bank Offer - Flat 10% OFF,SBI Card,,HDFC,,PERCENTAGE_DISCOUNT,DISCOUNT,10.0,,,,,,0,0,,,UNKNOWN,NEEDS_REVIEW,0.6711,0.5556,True,GrabOn - SBI Card Offers,C,https://www.grabon.in/sbi-card-offers/
grabon_sbi__8ff9e4ea9a,SBI Offer - Get 5X Reward Points,SBI Card,,SBI,,REWARD_MULTIPLIER,REWARD,,,5.0,,,,0,0,,,UNKNOWN,NEEDS_REVIEW,0.6711,0.5556,True,GrabOn - SBI Card Offers,C,https://www.grabon.in/sbi-card-offers/
grabon_sbi__13f34c2c28,Bank Offer : Get 20% OFF On All Orders,SBI Card,,Bank,,PERCENTAGE_DISCOUNT,DISCOUNT,20.0,,,,,,0,0,,,UNKNOWN,NEEDS_REVIEW,0.6711,0.5556,True,GrabOn - SBI Card Offers,C,https://www.grabon.in/sbi-card-offers/
grabon_sbi__a81f9da23a,Additional 10% OFF | Flipkart SBI Offer,SBI Card,,Additional,,PERCENTAGE_DISCOUNT,DISCOUNT,10.0,,,,,,0,0,,,UNKNOWN,NEEDS_REVIEW,0.6711,0.5556,True,GrabOn - SBI Card Offers,C,https://www.grabon.in/sbi-card-offers/
grabon_sbi__6677e1a377,RAZORPAY - Get Up To 15% OFF On All Orders,SBI Card,,RAZORPAY,,PERCENTAGE_DISCOUNT,DISCOUNT,15.0,,,,,,0,0,,,UNKNOWN,NEEDS_REVIEW,0.6711,0.5556,True,GrabOn - SBI Card Offers,C,https://www.grabon.in/sbi-card-offers/
grabon_sbi__2b49e9fff7,Flat Rs 150 Discount On Domestic Flights,SBI Card,,Flat,,FLAT_DISCOUNT,DISCOUNT,,,,150.0,,,0,0,,,UNKNOWN,NEEDS_REVIEW,0.6711,0.5556,True,GrabOn - SBI Card Offers,C,https://www.grabon.in/sbi-card-offers/
grabon_sbi__ef3799e95d,Flat Rs 80 OFF On Orders with SBI Bank Debit Card,SBI Card,,Flat,,FLAT_DISCOUNT,DISCOUNT,,,,80.0,,,0,0,,,UNKNOWN,NEEDS_REVIEW,0.6711,0.5556,True,GrabOn - SBI Card Offers,C,https://www.grabon.in/sbi-card-offers/
grabon_sbi__af0bf8476d,Hp Brand - Up To 85% OFF + 10% OFF On SBI Cards,SBI Card,,,,PERCENTAGE_DISCOUNT,DISCOUNT,85.0,,,,,,0,0,,,UNKNOWN,NEEDS_REVIEW,0.6489,0.4444,True,GrabOn - SBI Card Offers,C,https://www.grabon.in/sbi-card-offers/
grabon_sbi__08b2ec5fb3,Up to 60% Off on Zomato via SBI Cards (Select Restaurants),SBI Card,,,,PERCENTAGE_DISCOUNT,DISCOUNT,60.0,,,,,,0,0,,,UNKNOWN,NEEDS_REVIEW,0.6489,0.4444,True,GrabOn - SBI Card Offers,C,https://www.grabon.in/sbi-card-offers/
grabon_sbi__9378061ffe,ICICI Bank Offer : Buy 1 Get 1 Free On All Movie Tickets,SBI Card,,ICICI,,BOGO,BENEFIT,,,,,,,0,0,,,UNKNOWN,NEEDS_REVIEW,0.6711,0.5556,True,GrabOn - SBI Card Offers,C,https://www.grabon.in/sbi-card-offers/
grabon_sbi__036b55abe8,State Bank of India - Up To 10% OFF On Your Purchase,SBI Card,,State,,PERCENTAGE_DISCOUNT,DISCOUNT,10.0,,,,,,0,0,,,UNKNOWN,NEEDS_REVIEW,0.6711,0.5556,True,GrabOn - SBI Card Offers,C,https://www.grabon.in/sbi-card-offers/
grabon_sbi__d33e5ffd94,Apply Online Credit Cards That Gives You A Rewards,SBI Card,,Apply,,UNCLASSIFIED,UNKNOWN,,,,,,,0,0,,,UNKNOWN,NEEDS_REVIEW,0.6711,0.5556,True,GrabOn - SBI Card Offers,C,https://www.grabon.in/sbi-card-offers/
grabon_sbi__4ca5492e9f,"Grab Up to Rs 2,000 Cashback When You Use a Bank Cards",SBI Card,,Grab,,CASHBACK,CASHBACK,,,,,2000.0,,0,0,,,UNKNOWN,NEEDS_REVIEW,0.6822,0.6111,True,GrabOn - SBI Card Offers,C,https://www.grabon.in/sbi-card-offers/
grabon_sbi__a94d54639a,SBI Credit Card Offer - Get Flat Rs 2000 Cashback,SBI Card,,SBI,,CASHBACK,CASHBACK,,,,2000.0,,,0,0,,,UNKNOWN,NEEDS_REVIEW,0.6711,0.5556,True,GrabOn - SBI Card Offers,C,https://www.grabon.in/sbi-card-offers/
grabon_sbi__8b2d151f0c,"Get Up To Rs 20000 Cashback On ICICI, HDFC, SBI & Other Leading Banks",SBI Card,,Get,,CASHBACK,CASHBACK,,,,,20000.0,,0,0,,,UNKNOWN,NEEDS_REVIEW,0.6822,0.6111,True,GrabOn - SBI Card Offers,C,https://www.grabon.in/sbi-card-offers/
grabon_sbi__7e38bce884,SBI Offer - Flat Rs 200 OFF On Orders Above Rs 999,SBI Card,,SBI,,FLAT_DISCOUNT,DISCOUNT,,,,200.0,,,0,0,,,UNKNOWN,NEEDS_REVIEW,0.6711,0.5556,True,GrabOn - SBI Card Offers,C,https://www.grabon.in/sbi-card-offers/
grabon_sbi__44dfd82224,"SBI Bank Credit Card Offer: Get Up To Rs 5000 Discount On Selected TVs, Mobiles & More",SBI Card,,SBI,,FLAT_DISCOUNT,DISCOUNT,,,,,5000.0,,0,0,,,UNKNOWN,NEEDS_REVIEW,0.6822,0.6111,True,GrabOn - SBI Card Offers,C,https://www.grabon.in/sbi-card-offers/
grabon_sbi__ef9bc06aba,Ola Money SBI Credit Card Offer - Flat 7% Cashback,SBI Card,,Ola,,CASHBACK,CASHBACK,,7.0,,,,,0,0,,,UNKNOWN,NEEDS_REVIEW,0.6711,0.5556,True,GrabOn - SBI Card Offers,C,https://www.grabon.in/sbi-card-offers/
grabon_sbi__8ff1babbe3,"Buy Samsung Galaxy Watch8 (Bluetooth, 4.0 cm) & Enjoy Up To 15% OFF",SBI Card,,Buy,,PERCENTAGE_DISCOUNT,DISCOUNT,15.0,,,,,,0,0,,,UNKNOWN,NEEDS_REVIEW,0.6711,0.5556,True,GrabOn - SBI Card Offers,C,https://www.grabon.in/sbi-card-offers/
grabon_sbi__52d3cf29cf,Flipkart Sale is Live Now! - Get Huge Discounts Up To 90% OFF + Extra 10% OFF,SBI Card,,Flipkart,ECOMMERCE,PERCENTAGE_DISCOUNT,DISCOUNT,90.0,,,,,,0,0,,,UNKNOWN,NEEDS_REVIEW,0.6822,0.6111,True,GrabOn - SBI Card Offers,C,https://www.grabon.in/sbi-card-offers/
grabon_sbi__371f2b0020,Pillows - Flat 10% OFF + Additional 10% OFF On Prepaid Orders,SBI Card,,Pillows,,PERCENTAGE_DISCOUNT,DISCOUNT,10.0,,,,,,0,0,,,UNKNOWN,NEEDS_REVIEW,0.6711,0.5556,True,GrabOn - SBI Card Offers,C,https://www.grabon.in/sbi-card-offers/
grabon_sbi__736a740541,Save 50-90% OFF On 6K+ Brands | 23LK+ Styles On Your Orders,SBI Card,,Save,,PERCENTAGE_DISCOUNT,DISCOUNT,90.0,,,,,,0,0,,,UNKNOWN,NEEDS_REVIEW,0.6711,0.5556,True,GrabOn - SBI Card Offers,C,https://www.grabon.in/sbi-card-offers/
grabon_sbi__6cc5c6e10d,Grab Up To 70% OFF On Kitchen Appliances,SBI Card,,Grab,,PERCENTAGE_DISCOUNT,DISCOUNT,70.0,,,,,,0,0,,,UNKNOWN,NEEDS_REVIEW,0.6711,0.5556,True,GrabOn - SBI Card Offers,C,https://www.grabon.in/sbi-card-offers/
grabon_sbi__3cc08c5917,Grab Up To 20% OFF On King Size Mattress,SBI Card,,Grab,,PERCENTAGE_DISCOUNT,DISCOUNT,20.0,,,,,,0,0,,,UNKNOWN,NEEDS_REVIEW,0.6711,0.5556,True,GrabOn - SBI Card Offers,C,https://www.grabon.in/sbi-card-offers/
